Fetcha,Est1,Est2,Est3
2012-10-01,0.150,0.164,0.155
2012-10-02,0.151,0.159,0.155
2012-10-03,0.171,0.167,0.166
2012-10-04,0.171,0.167,0.166
2012-10-05,0.171,0.167,0.166
2012-10-06,0.166,0.158,0.151
2012-10-07,0.186,0.159,0.152
2012-10-08,0.152,0.153,0.152
2012-10-09,0.152,0.153,0.152
2012-10-10,0.164,0.157,0.142
2012-10-11,0.164,0.158,0.142
2012-10-12,0.158,0.156,0.148
2012-10-13,0.140,0.150,0.163
2012-10-14,0.153,0.155,0.163
2012-10-15,0.153,0.151,0.159
2012-10-16,0.157,0.159,0.167
2012-10-17,0.157,0.159,0.167
2012-10-18,0.157,0.159,0.167
2012-10-19,0.157,0.178,0.180
2012-10-20,0.157,0.165,0.154
2012-10-21,0.152,0.172,0.144
2012-10-22,0.152,0.172,0.154
2012-10-23,0.152,0.166,0.148
2012-10-24,0.152,0.146,0.146
2012-10-25,0.153,0.152,0.146
2012-10-26,0.153,0.150,0.147
2012-10-27,0.162,0.175,0.158
2012-10-28,0.152,0.176,0.154
2012-10-29,0.159,0.178,0.150
2012-10-30,0.159,0.175,0.154
2012-10-31,0.160,0.166,0.150
2012-11-01,0.161,0.163,0.145
2012-11-02,0.146,0.159,0.147
2012-11-03,0.144,0.172,0.155
2012-11-04,0.147,0.165,0.168
2012-11-05,0.148,0.165,0.168
2012-11-06,0.148,0.184,0.164
2012-11-07,0.157,0.184,0.162
2012-11-08,0.173,0.164,0.200
2012-11-09,0.154,0.167,0.179
2012-11-10,0.147,0.157,0.160
2012-11-11,0.154,0.159,0.166
2012-11-12,0.163,0.159,0.169
2012-11-13,0.177,0.143,0.163
2012-11-14,0.180,0.147,0.166
2012-11-15,0.174,0.148,0.165
2012-11-16,0.162,0.144,0.139
2012-11-17,0.182,0.144,0.137
2012-11-18,0.202,0.196,0.137
2012-11-19,0.189,0.202,0.176
2012-11-20,0.189,0.202,0.197
2012-11-21,0.190,0.202,0.177
2012-11-22,0.161,0.194,0.170
2012-11-23,0.161,0.194,0.170
2012-11-24,0.161,0.182,0.188
2012-11-25,0.166,0.173,0.184
2012-11-26,0.185,0.224,0.200
2012-11-27,0.185,0.195,0.179
2012-11-28,0.185,0.188,0.165
2012-11-29,0.206,0.212,0.182
2012-11-30,0.199,0.192,0.170
2012-12-01,0.277,0.283,0.234
2012-12-02,0.264,0.238,0.215
2012-12-03,0.227,0.287,0.242
2012-12-04,0.227,0.287,0.218
2012-12-05,0.218,0.268,0.143
2012-12-06,0.240,0.263,0.180
2012-12-07,0.248,0.258,0.188
2012-12-08,0.216,0.202,0.183
2012-12-09,0.216,0.203,0.187
2012-12-10,0.223,0.210,0.187
2012-12-11,0.250,0.228,0.177
2012-12-12,0.238,0.248,0.187
2012-12-13,0.192,0.179,0.166
2012-12-14,0.242,0.225,0.177
2012-12-15,0.203,0.192,0.179
2012-12-16,0.207,0.205,0.181
2012-12-17,0.184,0.240,0.176
2012-12-18,0.198,0.238,0.176
2012-12-19,0.199,0.260,0.167
2012-12-20,0.252,0.285,0.176
2012-12-21,0.254,0.296,0.187
2012-12-22,0.256,0.333,0.167
2012-12-23,0.267,0.242,0.170
2012-12-24,0.290,0.267,0.162
2012-12-25,0.225,0.226,0.158
2012-12-26,0.246,0.261,0.205
2012-12-27,0.217,0.294,0.196
2012-12-28,0.209,0.325,0.184
2012-12-29,0.241,0.325,0.184
2012-12-30,0.218,0.305,0.184
2012-12-31,0.217,0.262,0.378
2013-01-01,0.179,0.228,0.378
2013-01-02,0.167,0.216,0.216
2013-01-03,0.201,0.247,0.275
2013-01-04,0.210,0.250,0.189
2013-01-05,0.216,0.209,0.200
2013-01-06,0.226,0.174,0.233
2013-01-07,0.193,0.238,0.348
2013-01-08,0.303,0.316,0.322
2013-01-09,0.267,0.450,0.571
2013-01-10,0.245,0.514,0.571
2013-01-11,0.332,0.570,0.743
2013-01-12,0.324,0.617,0.359
2013-01-13,0.226,0.615,0.304
2013-01-14,0.311,0.608,0.319
2013-01-15,0.311,0.608,0.683
2013-01-16,0.244,0.499,0.592
2013-01-17,0.273,0.612,0.617
2013-01-18,0.313,0.587,0.609
2013-01-19,0.281,0.632,0.706
2013-01-20,0.383,0.522,0.596
2013-01-21,0.387,0.446,0.555
2013-01-22,0.398,0.463,0.595
2013-01-23,0.426,0.772,0.628
2013-01-24,0.355,2.094,0.430
2013-01-25,0.270,3.026,0.478
2013-01-26,0.292,2.898,0.490
2013-01-27,0.405,0.542,0.926
2013-01-28,0.340,0.482,1.550
2013-01-29,0.465,0.682,0.765
2013-01-30,0.475,1.626,0.486
2013-01-31,0.344,1.231,0.475
2013-02-01,0.323,0.966,0.591
2013-02-02,0.322,0.680,0.485
2013-02-03,0.293,0.587,0.414
2013-02-04,0.233,0.591,0.517
2013-02-05,0.210,0.763,0.438
2013-02-06,0.201,0.725,0.384
2013-02-07,0.246,0.923,0.871
2013-02-08,0.234,0.629,0.644
2013-02-09,0.157,0.362,0.394
2013-02-10,0.180,0.369,0.490
2013-02-11,0.180,0.369,0.646
2013-02-12,0.229,0.777,1.034
2013-02-13,0.228,0.558,0.803
2013-02-14,0.216,0.550,1.201
2013-02-15,0.159,0.410,0.460
2013-02-16,0.134,0.386,0.680
2013-02-17,0.202,0.327,0.739
2013-02-18,0.221,0.291,0.531
2013-02-19,0.206,0.278,0.208
2013-02-20,0.216,0.329,0.210
2013-02-21,0.257,0.622,0.193
2013-02-22,0.282,0.418,0.195
2013-02-23,0.284,0.297,0.253
2013-02-24,0.180,0.460,0.285
2013-02-25,0.157,0.309,0.148
2013-02-26,0.156,0.364,0.186
2013-02-27,0.176,0.241,0.185
2013-02-28,0.183,0.340,0.202
2013-03-01,0.202,0.310,0.283
2013-03-02,0.202,0.310,0.283
2013-03-03,0.177,0.275,0.240
2013-03-04,0.156,0.256,0.281
2013-03-05,0.134,0.307,0.305
2013-03-06,0.148,0.209,0.210
2013-03-07,0.209,0.172,0.305
2013-03-08,0.187,0.174,0.248
2013-03-09,0.266,0.172,0.261
2013-03-10,0.184,0.166,0.286
2013-03-11,0.220,0.163,0.257
2013-03-12,0.188,0.175,0.238
2013-03-13,0.180,0.157,0.209
2013-03-14,0.148,0.141,0.302
2013-03-15,0.137,0.149,0.257
2013-03-16,0.128,0.152,0.162
2013-03-17,0.131,0.159,0.210
2013-03-18,0.131,0.177,0.191
2013-03-19,0.131,0.173,0.197
2013-03-20,0.124,0.160,0.192
2013-03-21,0.117,0.160,0.192
2013-03-22,0.107,0.160,0.144
2013-03-23,0.120,0.161,0.158
2013-03-24,0.119,0.160,0.154
2013-03-25,0.116,0.121,0.157
2013-03-26,0.110,0.121,0.163
2013-03-27,0.115,0.116,0.170
2013-03-28,0.120,0.118,0.174
2013-03-29,0.116,0.147,0.172
2013-03-30,0.118,0.150,0.168
2013-03-31,0.108,0.129,0.136
2013-04-01,0.109,0.116,0.270
2013-04-02,0.111,0.125,0.210
2013-04-03,0.110,0.125,0.145
2013-04-04,0.124,0.118,0.145
2013-04-05,0.123,0.116,0.133
2013-04-06,0.139,0.107,0.121
2013-04-07,0.124,0.106,0.128
2013-04-08,0.125,0.122,0.111
2013-04-09,0.123,0.144,0.101
2013-04-10,0.134,0.144,0.101
2013-04-11,0.135,0.180,0.155
2013-04-12,0.154,0.179,0.155
2013-04-13,0.154,0.170,0.146
2013-04-14,0.166,0.154,0.157
2013-04-15,0.166,0.158,0.158
2013-04-16,0.158,0.162,0.156
2013-04-17,0.158,0.167,0.156
2013-04-18,0.158,0.167,0.156
2013-04-19,0.158,0.167,0.167
2013-04-20,0.158,0.156,0.157
2013-04-21,0.148,0.154,0.168
2013-04-22,0.148,0.144,0.168
2013-04-23,0.148,0.154,0.168
2013-04-24,0.147,0.154,0.168
2013-04-25,0.143,0.154,0.168
2013-04-26,0.136,0.140,0.136
2013-04-27,0.136,0.140,0.136
2013-04-28,0.142,0.133,0.133
2013-04-29,0.130,0.119,0.132
2013-04-30,0.122,0.116,0.128
2013-05-01,0.138,0.119,0.115
2013-05-02,0.137,0.119,0.110
2013-05-03,0.119,0.101,0.109
2013-05-04,0.123,0.104,0.108
2013-05-05,0.123,0.104,0.110
2013-05-06,0.123,0.104,0.110
2013-05-07,0.124,0.104,0.114
2013-05-08,0.141,0.123,0.130
2013-05-09,0.140,0.123,0.130
2013-05-10,0.140,0.124,0.130
2013-05-11,0.140,0.120,0.133
2013-05-12,0.137,0.129,0.153
2013-05-13,0.113,0.104,0.121
2013-05-14,0.102,0.104,0.121
2013-05-15,0.113,0.104,0.124
2013-05-16,0.097,0.104,0.124
2013-05-17,0.104,0.104,0.133
2013-05-18,0.103,0.108,0.126
2013-05-19,0.099,0.107,0.126
2013-05-20,0.104,0.107,0.122
2013-05-21,0.104,0.107,0.122
2013-05-22,0.104,0.100,0.122
2013-05-23,0.074,0.080,0.083
2013-05-24,0.074,0.080,0.083
2013-05-25,0.074,0.080,0.083
2013-05-26,0.082,0.075,0.078
2013-05-27,0.075,0.073,0.070
2013-05-28,0.079,0.073,0.076
2013-05-29,0.083,0.077,0.076
2013-05-30,0.083,0.078,0.077
2013-05-31,0.083,0.086,0.086
2013-06-01,0.079,0.085,0.079
2013-06-02,0.079,0.087,0.079
2013-06-03,0.068,0.081,0.063
2013-06-04,0.068,0.081,0.067
2013-06-05,0.073,0.081,0.070
2013-06-06,0.079,0.081,0.070
2013-06-07,0.073,0.065,0.075
2013-06-08,0.068,0.064,0.070
2013-06-09,0.073,0.064,0.065
2013-06-10,0.073,0.064,0.070
2013-06-11,0.073,0.059,0.070
2013-06-12,0.073,0.059,0.070
2013-06-13,0.074,0.063,0.070
2013-06-14,0.079,0.063,0.070
2013-06-15,0.059,0.058,0.076
2013-06-16,0.062,0.063,0.070
2013-06-17,0.062,0.058,0.070
2013-06-18,0.062,0.065,0.064
2013-06-19,0.087,0.088,0.086
2013-06-20,0.089,0.090,0.087
2013-06-21,0.127,0.118,0.115
2013-06-22,0.154,0.136,0.123
2013-06-23,0.144,0.136,0.123
2013-06-24,0.134,0.122,0.114
2013-06-25,0.135,0.126,0.125
2013-06-26,0.139,0.132,0.126
2013-06-27,0.139,0.132,0.136
2013-06-28,,0.132,0.126
2013-06-29,0.140,,
2013-06-30,0.140,,
2013-07-01,0.164,,
2013-07-02,0.164,,
2013-07-03,0.164,,
2013-07-04,0.164,,
2013-07-05,0.173,,
2013-07-06,0.171,,
2013-07-07,0.171,,
2013-07-08,0.170,,
2013-07-09,0.182,,
2013-07-10,,,
2013-07-11,0.170,,
2013-07-12,0.165,,
2013-07-13,0.178,,
2013-07-14,0.268,,
2013-07-15,0.267,,
2013-07-16,0.269,,
2013-07-17,0.268,,
2013-07-18,0.287,,
2013-07-19,0.307,,
2013-07-20,0.308,,
2013-07-21,0.331,,
2013-07-22,0.310,,
2013-07-23,0.307,,
2013-07-24,0.295,,
2013-07-25,0.275,,
2013-07-26,0.310,,
2013-07-27,0.327,,
2013-07-28,0.300,,
2013-07-29,0.281,,
2013-07-30,0.282,,
2013-07-31,0.301,,
2013-08-01,0.307,,
2013-08-02,0.311,,
2013-08-03,0.309,,
2013-08-04,0.411,,
2013-08-05,0.416,,
2013-08-06,0.431,,
2013-08-07,,,
2013-08-08,,,
2013-08-09,,,0.351
2013-08-10,0.406,,0.344
2013-08-11,0.433,,0.344
2013-08-12,0.461,,0.343
2013-08-13,0.406,,0.321
2013-08-14,0.433,0.406,0.342
2013-08-15,0.433,0.377,0.322
2013-08-16,0.433,0.377,0.343
2013-08-17,0.396,0.355,0.246
2013-08-18,0.390,0.338,0.261
2013-08-19,0.269,0.197,0.234
2013-08-20,0.251,0.180,0.157
2013-08-21,0.235,0.180,0.157
2013-08-22,0.250,0.168,0.157
2013-08-23,0.257,0.181,0.157
2013-08-24,0.257,0.169,0.146
2013-08-25,0.275,0.181,0.152
2013-08-26,0.256,0.183,0.135
2013-08-27,0.240,0.183,0.145
2013-08-28,0.220,0.183,0.145
2013-08-29,0.219,0.183,0.144
2013-08-30,0.219,0.184,0.144
2013-08-31,0.220,0.184,0.144
2013-09-01,0.220,0.184,0.144
2013-09-02,0.220,0.184,0.142
2013-09-03,0.218,0.185,0.152
2013-09-04,0.182,0.144,0.141
2013-09-05,0.157,0.146,0.141
2013-09-06,0.161,0.147,0.142
2013-09-07,0.154,0.147,0.132
2013-09-08,0.184,0.159,0.142
2013-09-09,0.182,0.160,0.133
2013-09-10,0.158,0.183,0.149
2013-09-11,0.169,0.183,0.149
2013-09-12,0.175,0.183,0.150
2013-09-13,0.186,0.186,0.148
2013-09-14,0.188,0.145,0.153
2013-09-15,0.199,0.145,0.153
2013-09-16,0.156,0.135,0.139
2013-09-17,0.157,0.135,0.148
2013-09-18,0.146,0.135,0.148
2013-09-19,0.155,0.136,0.148
2013-09-20,0.160,0.136,0.160
2013-09-21,0.160,0.145,0.149
2013-09-22,0.156,0.135,0.149
2013-09-23,0.134,0.135,0.148
2013-09-24,0.147,0.133,0.147
2013-09-25,0.151,0.133,0.156
2013-09-26,0.151,0.133,0.146
2013-09-27,0.151,0.147,0.165
2013-09-28,0.161,0.147,0.167
2013-09-29,0.151,0.157,0.167
2013-09-30,0.151,0.160,0.156
2013-10-01,0.146,0.150,0.154
2013-10-02,0.136,0.140,0.165
2013-10-03,0.143,0.149,0.177
2013-10-04,0.153,0.149,0.168
2013-10-05,0.143,0.149,0.160
2013-10-06,0.143,0.149,0.160
2013-10-07,0.137,0.138,0.160
2013-10-08,0.152,0.151,0.142
2013-10-09,0.152,0.151,0.142
2013-10-10,0.156,0.155,0.132
2013-10-11,0.154,0.157,0.144
2013-10-12,0.125,0.137,0.132
2013-10-13,0.124,0.120,0.116
2013-10-14,0.118,0.111,0.116
2013-10-15,0.141,0.135,0.154
2013-10-16,0.140,0.130,0.137
2013-10-17,0.136,0.131,0.137
2013-10-18,0.136,0.131,0.136
2013-10-19,0.136,0.131,0.135
2013-10-20,0.139,0.151,0.136
2013-10-21,0.139,0.151,0.136
2013-10-22,0.140,0.151,0.139
2013-10-23,0.140,0.151,0.139
2013-10-24,0.140,0.154,0.143
2013-10-25,0.132,0.153,0.143
2013-10-26,0.131,0.140,0.132
2013-10-27,0.126,0.133,0.139
2013-10-28,0.130,0.153,0.147
2013-10-29,0.135,0.149,0.143
2013-10-30,0.134,0.124,0.130
2013-10-31,0.149,0.121,0.124
2013-11-01,0.138,0.132,0.125
2013-11-02,0.145,0.132,0.122
2013-11-03,0.149,0.135,0.126
2013-11-04,0.148,0.145,0.136
2013-11-05,0.138,0.145,0.135
2013-11-06,0.167,0.130,0.123
2013-11-07,0.170,0.148,0.122
2013-11-08,0.170,0.150,0.118
2013-11-09,0.168,0.158,0.143
2013-11-10,0.168,0.158,0.143
2013-11-11,0.164,0.159,0.152
2013-11-12,0.163,0.158,0.148
2013-11-13,0.147,0.145,0.167
2013-11-14,0.142,0.176,0.132
2013-11-15,0.142,0.176,0.132
2013-11-16,0.141,0.183,0.168
2013-11-17,0.140,0.205,0.168
2013-11-18,0.172,0.204,0.187
2013-11-19,0.163,0.247,0.187
2013-11-20,0.153,0.226,0.167
2013-11-21,0.162,0.224,0.192
2013-11-22,0.184,0.236,0.174
2013-11-23,0.170,0.180,0.214
2013-11-24,0.175,0.177,0.141
2013-11-25,0.177,0.189,0.143
2013-11-26,0.165,0.184,0.143
2013-11-27,0.173,0.161,0.211
2013-11-28,0.174,0.149,0.216
2013-11-29,0.171,0.142,0.191
2013-11-30,0.170,0.148,0.179
2013-12-01,0.170,0.142,0.179
2013-12-02,0.176,0.169,0.176
2013-12-03,0.159,0.164,0.130
2013-12-04,0.171,0.175,0.192
2013-12-05,0.170,0.167,0.188
2013-12-06,0.184,0.253,0.184
2013-12-07,0.186,0.217,0.181
2013-12-08,0.185,0.178,0.179
2013-12-09,0.184,0.180,0.168
2013-12-10,0.228,0.188,0.143
2013-12-11,0.203,0.202,0.177
2013-12-12,0.203,0.197,0.183
2013-12-13,0.368,0.265,0.250
2013-12-14,0.338,0.292,0.265
2013-12-15,0.363,0.270,0.201
2013-12-16,0.187,0.191,0.183
2013-12-17,0.185,0.175,0.185
2013-12-18,0.232,0.294,0.183
2013-12-19,0.286,0.276,0.230
2013-12-20,0.467,0.560,0.309
2013-12-21,0.371,0.435,0.276
2013-12-22,0.329,0.341,0.350
2013-12-23,0.355,0.443,0.348
2013-12-24,0.361,0.443,0.451
2013-12-25,0.352,0.477,0.453
2013-12-26,0.386,0.571,0.440
2013-12-27,0.382,0.589,0.348
2013-12-28,0.346,0.474,0.531
2013-12-29,0.361,0.580,0.840
2013-12-30,0.363,0.460,0.884
2013-12-31,0.364,0.450,0.805
2014-01-01,0.364,0.450,0.805
2014-01-02,0.364,0.450,0.448
2014-01-03,0.395,0.656,0.583
2014-01-04,0.371,0.656,0.583
2014-01-05,0.371,0.656,0.557
2014-01-06,0.454,0.518,0.432
2014-01-07,0.472,0.522,0.585
2014-01-08,0.551,0.625,0.478
2014-01-09,0.579,0.269,0.421
2014-01-10,0.409,0.328,0.360
2014-01-11,0.230,0.202,0.248
2014-01-12,0.238,0.202,0.275
2014-01-13,0.297,0.228,0.454
2014-01-14,0.379,0.231,0.474
2014-01-15,0.430,0.423,0.483
2014-01-16,0.693,0.757,0.646
2014-01-17,0.800,0.564,0.477
2014-01-18,0.676,0.490,0.470
2014-01-19,0.677,0.427,0.485
2014-01-20,0.673,0.427,0.485
2014-01-21,0.495,0.353,0.600
2014-01-22,0.398,0.403,0.931
2014-01-23,0.557,0.985,1.225
2014-01-24,0.939,1.200,1.297
2014-01-25,2.883,3.522,0.970
2014-01-26,1.003,4.186,0.933
2014-01-27,1.003,4.186,0.958
2014-01-28,1.003,1.019,2.968
2014-01-29,0.637,0.854,5.424
2014-01-30,0.637,0.854,5.424
2014-01-31,0.564,0.840,1.392
2014-02-01,0.619,0.750,1.801
2014-02-02,0.615,0.750,1.942
2014-02-03,0.519,1.803,3.841
2014-02-04,0.518,1.803,3.045
2014-02-05,0.579,3.699,4.148
2014-02-06,0.375,1.323,1.053
2014-02-07,0.484,2.986,1.144
2014-02-08,0.517,1.365,1.543
2014-02-09,1.325,1.226,1.321
2014-02-10,0.660,0.727,0.440
2014-02-11,0.456,0.514,0.326
2014-02-12,0.290,0.452,0.295
2014-02-13,0.390,0.742,0.190
2014-02-14,0.268,0.252,0.190
2014-02-15,0.625,0.992,0.450
2014-02-16,0.455,0.719,0.521
2014-02-17,0.324,0.470,0.648
2014-02-18,0.485,0.553,0.659
2014-02-19,0.478,0.553,0.649
2014-02-20,0.321,0.569,0.339
2014-02-21,0.329,0.864,0.380
2014-02-22,0.329,0.962,0.303
2014-02-23,0.179,1.023,0.306
2014-02-24,0.168,1.366,0.626
2014-02-25,0.168,2.377,0.567
2014-02-26,0.224,0.919,0.529
2014-02-27,0.255,1.129,0.792
2014-02-28,1.282,1.020,0.687
2014-03-01,0.162,0.248,0.530
2014-03-02,0.181,0.248,0.530
2014-03-03,0.172,0.192,0.378
2014-03-04,0.261,0.296,0.363
2014-03-05,0.291,0.811,0.403
2014-03-06,0.268,2.097,0.474
2014-03-07,0.230,1.282,0.559
2014-03-08,0.187,0.758,0.210
2014-03-09,0.180,1.068,0.393
2014-03-10,0.162,1.333,0.381
2014-03-11,0.209,0.923,0.394
2014-03-12,0.147,0.766,0.350
2014-03-13,0.167,1.923,0.452
2014-03-14,0.175,0.874,0.288
2014-03-15,0.145,0.653,0.758
2014-03-16,0.131,0.452,0.336
2014-03-17,0.150,0.668,0.269
2014-03-18,0.150,0.668,0.269
2014-03-19,0.149,0.330,0.475
2014-03-20,0.145,0.217,0.442
2014-03-21,0.149,0.165,0.225
2014-03-22,0.147,0.410,0.180
2014-03-23,0.150,0.260,0.267
2014-03-24,0.171,0.169,0.264
2014-03-25,0.158,0.167,0.326
2014-03-26,0.138,0.211,0.412
2014-03-27,0.138,0.211,0.411
2014-03-28,0.150,0.259,0.224
2014-03-29,0.150,0.259,0.224
2014-03-30,0.143,0.177,0.218
2014-03-31,0.114,0.155,0.229
2014-04-01,0.133,0.168,0.175
2014-04-02,0.147,0.160,0.158
2014-04-03,0.145,0.161,0.147
2014-04-04,0.132,0.151,0.171
2014-04-05,0.132,0.140,0.167
2014-04-06,0.132,0.140,0.167
2014-04-07,0.131,0.136,0.167
2014-04-08,0.134,0.140,0.157
2014-04-09,0.143,0.150,0.157
2014-04-10,0.144,0.143,0.157
2014-04-11,0.154,0.140,0.129
2014-04-12,0.152,0.152,0.143
2014-04-13,0.150,0.143,0.144
2014-04-14,0.108,0.144,0.151
2014-04-15,0.142,0.119,0.137
2014-04-16,0.151,0.125,0.131
2014-04-17,0.151,0.125,0.131
2014-04-18,0.173,0.139,0.120
2014-04-19,0.173,0.143,0.121
2014-04-20,0.158,0.131,0.133
2014-04-21,0.168,0.146,0.147
2014-04-22,0.168,0.144,0.150
2014-04-23,0.171,0.144,0.185
2014-04-24,0.163,0.134,0.175
2014-04-25,0.156,0.131,0.169
2014-04-26,0.152,0.133,0.136
2014-04-27,0.147,0.137,0.173
2014-04-28,0.147,0.138,0.162
2014-04-29,0.146,0.125,0.162
2014-04-30,0.141,0.125,0.162
2014-05-01,0.144,0.158,0.167
2014-05-02,0.144,0.157,0.162
2014-05-03,0.144,0.157,0.162
2014-05-04,0.157,0.161,0.162
2014-05-05,0.157,0.137,0.138
2014-05-06,0.142,0.135,0.138
2014-05-07,0.153,0.131,0.138
2014-05-08,0.119,0.122,0.138
2014-05-09,0.111,0.121,0.140
2014-05-10,0.111,0.138,0.140
2014-05-11,0.111,0.138,0.141
2014-05-12,0.115,0.132,0.133
2014-05-13,0.109,0.112,0.109
2014-05-14,0.107,0.108,0.114
2014-05-15,0.095,0.111,0.111
2014-05-16,0.115,0.111,0.111
2014-05-17,0.120,0.112,0.131
2014-05-18,0.112,0.111,0.123
2014-05-19,0.111,0.109,0.123
2014-05-20,0.112,0.110,0.129
2014-05-21,0.116,0.109,0.133
2014-05-22,0.108,0.109,0.126
2014-05-23,0.108,0.113,0.125
2014-05-24,0.113,0.116,0.121
2014-05-25,0.113,0.113,0.121
2014-05-26,0.114,0.113,0.123
2014-05-27,0.122,0.111,0.129
2014-05-28,0.122,0.113,0.128
2014-05-29,0.131,0.113,0.118
2014-05-30,0.122,0.113,0.135
2014-05-31,0.114,0.112,0.135
2014-06-01,0.122,0.112,0.129
2014-06-02,0.123,0.112,0.139
2014-06-03,0.123,0.120,0.129
2014-06-04,0.112,0.115,0.130
2014-06-05,0.113,0.114,0.130
2014-06-06,0.113,0.115,0.130
2014-06-07,0.113,0.115,0.130
2014-06-08,0.114,0.123,0.122
2014-06-09,0.115,0.123,0.120
2014-06-10,0.115,0.115,0.128
2014-06-11,0.115,0.115,0.128
2014-06-12,0.114,0.115,0.137
2014-06-13,0.088,0.111,0.126
2014-06-14,0.088,0.110,0.124
2014-06-15,0.088,0.126,0.124
2014-06-16,0.088,0.118,0.124
2014-06-17,0.082,0.110,0.133
2014-06-18,0.094,0.118,0.111
2014-06-19,0.088,0.117,0.111
2014-06-20,0.088,0.117,0.107
2014-06-21,0.088,0.117,0.104
2014-06-22,0.088,0.117,0.097
2014-06-23,0.088,0.117,0.097
2014-06-24,0.089,0.125,0.101
2014-06-25,0.136,0.111,0.095
2014-06-26,0.147,0.120,0.099
2014-06-27,0.147,0.130,0.099
2014-06-28,,0.121,0.099
2014-06-29,0.146,,
2014-06-30,0.146,,
2014-07-01,0.146,,
2014-07-02,0.148,,
2014-07-03,0.148,,
2014-07-04,0.148,,
2014-07-05,0.148,,
2014-07-06,0.148,,
2014-07-07,0.159,,
2014-07-08,0.138,,
2014-07-09,0.139,,
2014-07-10,,,
2014-07-11,0.148,,
2014-07-12,0.148,,
2014-07-13,0.148,,
2014-07-14,0.158,,
2014-07-15,0.147,,
2014-07-16,0.133,,
2014-07-17,0.132,,
2014-07-18,0.133,,
2014-07-19,0.116,,
2014-07-20,0.113,,
2014-07-21,0.148,,
2014-07-22,0.128,,
2014-07-23,0.136,,
2014-07-24,0.138,,
2014-07-25,0.199,,
2014-07-26,0.192,,
2014-07-27,0.193,,
2014-07-28,0.193,,
2014-07-29,0.192,,
2014-07-30,0.185,,
2014-07-31,0.260,,
2014-08-01,0.292,,
2014-08-02,0.292,,
2014-08-03,0.292,,
2014-08-04,0.298,,
2014-08-05,0.279,,
2014-08-06,0.299,,
2014-08-07,,,
2014-08-08,,,
2014-08-09,,,0.174
2014-08-10,0.287,,0.187
2014-08-11,0.254,,0.204
2014-08-12,0.276,,0.190
2014-08-13,0.294,,0.192
2014-08-14,0.258,0.190,0.180
2014-08-15,0.294,0.190,0.192
2014-08-16,0.294,0.190,0.192
2014-08-17,0.276,0.190,0.192
2014-08-18,0.294,0.190,0.192
2014-08-19,0.276,0.190,0.206
2014-08-20,0.276,0.190,0.192
2014-08-21,0.259,0.203,0.192
2014-08-22,0.280,0.190,0.192
2014-08-23,0.263,0.190,0.192
2014-08-24,0.280,0.190,0.192
2014-08-25,0.280,0.190,0.192
2014-08-26,0.280,0.190,0.192
2014-08-27,0.277,0.177,0.184
2014-08-28,0.258,0.192,0.185
2014-08-29,0.241,0.205,0.185
2014-08-30,0.258,0.192,0.185
2014-08-31,0.255,0.192,0.185
2014-09-01,0.255,0.192,0.185
2014-09-02,0.222,0.205,0.184
2014-09-03,0.220,0.201,0.174
2014-09-04,0.203,0.215,0.172
2014-09-05,0.202,0.216,0.172
2014-09-06,0.203,0.202,0.172
2014-09-07,0.160,0.213,0.173
2014-09-08,0.159,0.212,0.160
2014-09-09,0.158,0.213,0.150
2014-09-10,0.157,0.199,0.172
2014-09-11,0.157,0.212,0.160
2014-09-12,0.157,0.212,0.160
2014-09-13,0.157,0.199,0.160
2014-09-14,0.157,0.212,0.160
2014-09-15,0.157,0.212,0.160
2014-09-16,0.157,0.212,0.150
2014-09-17,0.157,0.212,0.160
2014-09-18,0.155,0.198,0.156
2014-09-19,0.155,0.188,0.152
2014-09-20,0.152,0.187,0.153
2014-09-21,0.182,0.171,0.155
2014-09-22,0.184,0.172,0.162
2014-09-23,0.182,0.171,0.149
2014-09-24,0.182,0.171,0.147
2014-09-25,0.206,0.169,0.147
2014-09-26,0.202,0.138,0.103
2014-09-27,0.206,0.171,0.142
2014-09-28,0.207,0.169,0.150
2014-09-29,0.208,0.169,0.150
2014-09-30,0.222,0.150,0.149
2014-10-01,0.209,0.142,0.123
2014-10-02,0.209,0.143,0.123
2014-10-03,0.180,0.166,0.129
2014-10-04,0.171,0.166,0.131
2014-10-05,0.161,0.161,0.128
2014-10-06,0.151,0.161,0.127
2014-10-07,0.146,0.148,0.119
2014-10-08,0.154,0.165,0.118
2014-10-09,0.161,0.143,0.114
2014-10-10,0.161,0.143,0.115
2014-10-11,0.161,0.143,0.140
2014-10-12,0.148,0.158,0.153
2014-10-13,0.167,0.158,0.154
2014-10-14,0.154,0.156,0.163
2014-10-15,0.160,0.143,0.138
2014-10-16,0.160,0.142,0.138
2014-10-17,0.152,0.141,0.138
2014-10-18,0.157,0.141,0.138
2014-10-19,0.157,0.138,0.134
2014-10-20,0.141,0.135,0.133
2014-10-21,0.141,0.135,0.133
2014-10-22,0.148,0.136,0.133
2014-10-23,0.148,0.136,0.124
2014-10-24,0.148,0.136,0.133
2014-10-25,0.188,0.182,0.172
2014-10-26,0.178,0.182,0.166
2014-10-27,0.164,0.182,0.177
2014-10-28,0.176,0.182,0.166
2014-10-29,0.175,0.179,0.166
2014-10-30,0.153,0.161,0.163
2014-10-31,0.148,0.153,0.168
2014-11-01,0.154,0.159,0.166
2014-11-02,0.166,0.181,0.167
2014-11-03,0.165,0.179,0.157
2014-11-04,0.176,0.178,0.180
2014-11-05,0.176,0.170,0.170
2014-11-06,0.167,0.158,0.148
2014-11-07,0.160,0.153,0.164
2014-11-08,0.160,0.151,0.161
2014-11-09,0.161,0.151,0.161
2014-11-10,0.150,0.151,0.161
2014-11-11,0.131,0.157,0.163
2014-11-12,0.143,0.157,0.142
2014-11-13,0.143,0.157,0.142
2014-11-14,0.143,0.157,0.152
2014-11-15,0.137,0.169,0.151
2014-11-16,0.142,0.156,0.158
2014-11-17,0.147,0.161,0.156
2014-11-18,0.149,0.160,0.167
2014-11-19,0.152,0.158,0.134
2014-11-20,0.156,0.155,0.133
2014-11-21,0.153,0.156,0.167
2014-11-22,0.153,0.163,0.159
2014-11-23,0.150,0.158,0.156
2014-11-24,0.152,0.154,0.156
2014-11-25,0.155,0.158,0.158
2014-11-26,0.163,0.157,0.156
2014-11-27,0.182,0.163,0.158
2014-11-28,0.166,0.160,0.152
2014-11-29,0.166,0.160,0.157
2014-11-30,0.174,0.173,0.159
2014-12-01,0.179,0.164,0.175
2014-12-02,0.163,0.159,0.176
2014-12-03,0.163,0.159,0.200
2014-12-04,0.161,0.130,0.214
2014-12-05,0.148,0.130,0.214
2014-12-06,0.148,0.131,0.180
2014-12-07,0.133,0.119,0.164
2014-12-08,0.133,0.119,0.187
2014-12-09,0.170,0.135,0.175
2014-12-10,0.174,0.135,0.175
2014-12-11,0.152,0.135,0.195
2014-12-12,0.155,0.164,0.190
2014-12-13,0.155,0.172,0.198
2014-12-14,0.174,0.188,0.265
2014-12-15,0.168,0.189,0.320
2014-12-16,0.195,0.233,0.400
2014-12-17,0.202,0.237,0.375
2014-12-18,0.212,0.242,0.337
2014-12-19,0.212,0.242,0.346
2014-12-20,0.223,0.173,0.375
2014-12-21,0.223,0.173,0.325
2014-12-22,0.201,0.207,0.445
2014-12-23,0.214,0.171,0.982
2014-12-24,0.212,0.188,0.990
2014-12-25,0.266,0.309,0.912
2014-12-26,0.266,0.288,0.912
2014-12-27,0.291,0.265,0.567
2014-12-28,0.260,0.262,0.625
2014-12-29,0.276,0.238,0.583
2014-12-30,0.237,0.214,0.431
2014-12-31,0.245,0.290,0.461
2015-01-01,0.476,0.342,0.584
2015-01-02,0.429,0.347,0.584
2015-01-03,0.391,0.295,0.514
2015-01-04,0.301,0.294,0.523
2015-01-05,0.287,0.290,0.414
2015-01-06,0.316,0.367,0.414
2015-01-07,0.349,0.286,0.381
2015-01-08,0.299,0.182,0.283
2015-01-09,0.293,0.153,0.335
2015-01-10,0.345,0.245,0.741
2015-01-11,0.368,0.236,0.355
2015-01-12,0.807,0.430,0.672
2015-01-13,0.848,0.387,0.354
2015-01-14,0.369,0.320,0.432
2015-01-15,0.502,0.406,0.348
2015-01-16,0.502,0.406,0.348
2015-01-17,0.504,0.341,0.419
2015-01-18,0.425,0.345,0.329
2015-01-19,0.431,0.453,0.385
2015-01-20,0.446,0.404,0.296
2015-01-21,0.388,0.350,0.323
2015-01-22,0.361,0.546,0.284
2015-01-23,0.240,0.453,0.264
2015-01-24,0.292,0.335,0.262
2015-01-25,0.296,0.334,0.334
2015-01-26,0.490,0.413,0.362
2015-01-27,0.376,0.386,0.286
2015-01-28,0.437,0.433,0.383
2015-01-29,0.407,0.423,0.331
2015-01-30,0.359,0.381,0.303
2015-01-31,0.404,0.543,0.335
2015-02-01,0.511,0.291,0.422
2015-02-02,0.471,0.368,0.579
2015-02-03,0.495,0.535,0.593
2015-02-04,0.484,0.577,0.615
2015-02-05,0.719,0.252,1.112
2015-02-06,0.962,0.236,1.046
2015-02-07,0.561,0.425,0.296
2015-02-08,0.205,0.242,0.267
2015-02-09,0.251,0.463,0.369
2015-02-10,0.274,0.290,0.736
2015-02-11,0.279,0.173,0.788
2015-02-12,0.231,0.324,0.290
2015-02-13,0.195,0.140,0.222
2015-02-14,0.161,0.158,0.194
2015-02-15,0.159,0.137,0.160
2015-02-16,0.396,0.173,0.183
2015-02-17,0.633,0.198,0.191
2015-02-18,0.599,0.162,0.445
2015-02-19,0.935,0.166,0.263
2015-02-20,0.717,0.157,0.276
2015-02-21,0.254,0.159,0.340
2015-02-22,0.254,0.159,0.337
2015-02-23,0.254,0.159,0.334
2015-02-24,0.168,0.191,0.227
2015-02-25,0.153,0.190,0.179
2015-02-26,0.154,0.195,0.168
2015-02-27,0.163,0.193,0.140
2015-02-28,0.163,0.191,0.140
2015-03-01,0.151,0.199,0.174
2015-03-02,0.151,0.182,0.189
2015-03-03,0.159,0.153,0.158
2015-03-04,0.128,0.236,0.171
2015-03-05,0.132,0.352,0.142
2015-03-06,0.124,0.243,0.154
2015-03-07,0.125,0.187,0.174
2015-03-08,0.123,0.187,0.174
2015-03-09,0.123,0.187,0.174
2015-03-10,0.137,0.142,0.170
2015-03-11,0.137,0.142,0.170
2015-03-12,0.127,0.141,0.170
2015-03-13,0.143,0.144,0.206
2015-03-14,0.113,0.129,0.194
2015-03-15,0.128,0.125,0.200
2015-03-16,0.115,0.120,0.239
2015-03-17,0.106,0.118,0.210
2015-03-18,0.102,0.117,0.189
2015-03-19,0.104,0.110,0.196
2015-03-20,0.147,0.119,0.211
2015-03-21,0.147,0.120,0.167
2015-03-22,0.161,0.159,0.216
2015-03-23,0.163,0.146,0.211
2015-03-24,0.148,0.156,0.213
2015-03-25,0.148,0.156,0.213
2015-03-26,0.146,0.156,0.213
2015-03-27,0.144,0.146,0.228
2015-03-28,0.134,0.141,0.150
2015-03-29,0.134,0.151,0.150
2015-03-30,0.134,0.141,0.150
2015-03-31,0.130,0.141,0.150
2015-04-01,0.140,0.129,0.150
2015-04-02,0.127,0.135,0.128
2015-04-03,0.118,0.126,0.170
2015-04-04,0.112,0.119,0.170
2015-04-05,0.098,0.122,0.170
2015-04-06,0.098,0.122,0.170
2015-04-07,0.098,0.122,0.170
2015-04-08,0.105,0.131,0.170
2015-04-09,0.091,0.122,0.166
2015-04-10,0.102,0.117,0.166
2015-04-11,0.102,0.135,0.178
2015-04-12,0.110,0.135,0.173
2015-04-13,0.102,0.135,0.161
2015-04-14,0.103,0.135,0.173
2015-04-15,0.098,0.138,0.173
2015-04-16,0.103,0.139,0.185
2015-04-17,0.103,0.147,0.174
2015-04-18,0.110,0.154,0.175
2015-04-19,0.109,0.160,0.175
2015-04-20,0.109,0.160,0.173
2015-04-21,0.114,0.164,0.159
2015-04-22,0.115,0.160,0.159
2015-04-23,0.115,0.160,0.159
2015-04-24,0.109,0.152,0.156
2015-04-25,0.109,0.148,0.147
2015-04-26,0.109,0.148,0.147
2015-04-27,0.109,0.144,0.147
2015-04-28,0.114,0.139,0.130
2015-04-29,0.116,0.140,0.130
2015-04-30,0.105,0.137,0.123
2015-05-01,0.110,0.125,0.124
2015-05-02,0.113,0.130,0.132
2015-05-03,0.116,0.134,0.124
2015-05-04,0.123,0.130,0.130
2015-05-05,0.123,0.133,0.115
2015-05-06,0.123,0.133,0.115
2015-05-07,0.114,0.134,0.129
2015-05-08,0.110,0.113,0.108
2015-05-09,0.106,0.119,0.110
2015-05-10,0.103,0.124,0.109
2015-05-11,0.103,0.125,0.113
2015-05-12,0.103,0.125,0.113
2015-05-13,0.102,0.102,0.120
2015-05-14,0.102,0.107,0.107
2015-05-15,0.096,0.102,0.101
2015-05-16,0.087,0.106,0.099
2015-05-17,0.087,0.108,0.099
2015-05-18,0.089,0.107,0.093
2015-05-19,0.083,0.107,0.093
2015-05-20,0.089,0.108,0.102
2015-05-21,0.113,0.115,0.102
2015-05-22,0.099,0.104,0.108
2015-05-23,0.106,0.104,0.091
2015-05-24,0.106,0.104,0.098
2015-05-25,0.106,0.104,0.098
2015-05-26,0.096,0.110,0.090
2015-05-27,0.098,0.109,0.094
2015-05-28,0.098,0.109,0.094
2015-05-29,0.101,0.110,0.094
2015-05-30,0.109,0.117,0.094
2015-05-31,0.102,0.116,0.095
2015-06-01,0.102,0.116,0.102
2015-06-02,0.102,0.117,0.090
2015-06-03,0.098,0.118,0.128
2015-06-04,0.098,0.130,0.146
2015-06-05,0.091,0.130,0.156
2015-06-06,0.098,0.130,0.137
2015-06-07,0.091,0.130,0.158
2015-06-08,0.097,0.130,0.148
2015-06-09,0.104,0.130,0.138
2015-06-10,0.098,0.131,0.162
2015-06-11,0.095,0.141,0.146
2015-06-12,0.093,0.127,0.170
2015-06-13,0.100,0.127,0.171
2015-06-14,0.093,0.144,0.159
2015-06-15,0.093,0.134,0.157
2015-06-16,0.092,0.149,0.159
2015-06-17,0.099,0.140,0.160
2015-06-18,0.099,0.150,0.150
2015-06-19,0.092,0.150,0.160
2015-06-20,0.092,0.160,0.160
2015-06-21,0.092,0.150,0.160
2015-06-22,0.092,0.140,0.160
2015-06-23,0.092,0.150,0.171
2015-06-24,0.093,0.150,0.160
2015-06-25,0.118,0.151,0.160
2015-06-26,0.117,0.108,0.110
2015-06-27,0.108,0.114,0.110
2015-06-28,,0.114,0.110
2015-06-29,0.116,,
2015-06-30,0.124,,
2015-07-01,0.108,,
2015-07-02,0.116,,
2015-07-03,0.129,,
2015-07-04,0.131,,
2015-07-05,0.132,,
2015-07-06,0.148,,
2015-07-07,0.170,,
2015-07-08,0.146,,
2015-07-09,0.136,,
2015-07-10,,,
2015-07-11,0.167,,
2015-07-12,0.157,,
2015-07-13,0.177,,
2015-07-14,0.181,,
2015-07-15,0.193,,
2015-07-16,0.187,,
2015-07-17,0.173,,
2015-07-18,0.157,,
2015-07-19,0.161,,
2015-07-20,0.161,,
2015-07-21,0.161,,
2015-07-22,0.151,,
2015-07-23,0.161,,
2015-07-24,0.161,,
2015-07-25,0.161,,
2015-07-26,0.161,,
2015-07-27,0.161,,
2015-07-28,0.161,,
2015-07-29,0.151,,
2015-07-30,0.161,,
2015-07-31,0.161,,
2015-08-01,0.160,,
2015-08-02,0.161,,
2015-08-03,0.161,,
2015-08-04,0.161,,
2015-08-05,0.176,,
2015-08-06,0.165,,
2015-08-07,,,
2015-08-08,,,
2015-08-09,,,0.183
2015-08-10,0.156,,0.196
2015-08-11,0.167,,0.183
2015-08-12,0.156,,0.196
2015-08-13,0.156,,0.196
2015-08-14,0.156,0.194,0.183
2015-08-15,0.146,0.194,0.183
2015-08-16,0.156,0.194,0.183
2015-08-17,0.156,0.207,0.183
2015-08-18,0.156,0.194,0.183
2015-08-19,0.156,0.194,0.183
2015-08-20,0.155,0.178,0.154
2015-08-21,0.165,0.165,0.129
2015-08-22,0.144,0.165,0.129
2015-08-23,0.154,0.176,0.129
2015-08-24,0.154,0.164,0.128
2015-08-25,0.141,0.163,0.119
2015-08-26,0.141,0.163,0.128
2015-08-27,0.141,0.153,0.128
2015-08-28,0.141,0.161,0.137
2015-08-29,0.141,0.159,0.129
2015-08-30,0.139,0.134,0.128
2015-08-31,0.152,0.130,0.128
2015-09-01,0.151,0.140,0.128
2015-09-02,0.151,0.138,0.130
2015-09-03,0.151,0.148,0.130
2015-09-04,0.151,0.138,0.130
2015-09-05,0.154,0.131,0.127
2015-09-06,0.154,0.130,0.127
2015-09-07,0.149,0.130,0.130
2015-09-08,0.159,0.147,0.141
2015-09-09,0.154,0.151,0.131
2015-09-10,0.154,0.149,0.139
2015-09-11,0.143,0.148,0.140
2015-09-12,0.154,0.145,0.135
2015-09-13,0.143,0.158,0.123
2015-09-14,0.143,0.158,0.123
2015-09-15,0.144,0.167,0.128
2015-09-16,0.141,0.165,0.135
2015-09-17,0.142,0.165,0.135
2015-09-18,0.142,0.155,0.135
2015-09-19,0.143,0.177,0.145
2015-09-20,0.153,0.159,0.145
2015-09-21,0.148,0.128,0.140
2015-09-22,0.168,0.128,0.138
2015-09-23,0.157,0.128,0.138
2015-09-24,0.157,0.120,0.138
2015-09-25,0.157,0.128,0.138
2015-09-26,0.157,0.125,0.134
2015-09-27,0.130,0.099,0.120
2015-09-28,0.144,0.110,0.101
2015-09-29,0.145,0.110,0.101
2015-09-30,0.145,0.110,0.101
2015-10-01,0.152,0.105,0.109
2015-10-02,0.142,0.112,0.116
2015-10-03,0.132,0.110,0.116
2015-10-04,0.142,0.110,0.116
2015-10-05,0.142,0.103,0.112
2015-10-06,0.145,0.102,0.112
2015-10-07,0.166,0.110,0.123
2015-10-08,0.171,0.119,0.115
2015-10-09,0.183,0.128,0.117
2015-10-10,0.160,0.119,0.125
2015-10-11,0.172,0.143,0.147
2015-10-12,0.172,0.134,0.128
2015-10-13,0.172,0.134,0.122
2015-10-14,0.145,0.134,0.130
2015-10-15,0.144,0.133,0.133
2015-10-16,0.143,0.130,0.125
2015-10-17,0.141,0.131,0.134
2015-10-18,0.141,0.131,0.135
2015-10-19,0.132,0.131,0.135
2015-10-20,0.140,0.115,0.135
2015-10-21,0.140,0.115,0.135
2015-10-22,0.141,0.123,0.135
2015-10-23,0.124,0.123,0.135
2015-10-24,0.123,0.123,0.135
2015-10-25,0.115,0.128,0.135
2015-10-26,0.115,0.131,0.124
2015-10-27,0.115,0.133,0.120
2015-10-28,0.115,0.133,0.120
2015-10-29,0.123,0.133,0.120
2015-10-30,0.115,0.133,0.120
2015-10-31,0.115,0.133,0.123
2015-11-01,0.126,0.125,0.135
2015-11-02,0.124,0.122,0.121
2015-11-03,0.124,0.122,0.121
2015-11-04,0.121,0.123,0.121
2015-11-05,0.121,0.142,0.144
2015-11-06,0.121,0.142,0.144
2015-11-07,0.119,0.139,0.137
2015-11-08,0.133,0.155,0.148
2015-11-09,0.135,0.155,0.148
2015-11-10,0.135,0.155,0.148
2015-11-11,0.135,0.156,0.151
2015-11-12,0.146,0.157,0.139
2015-11-13,0.139,0.191,0.156
2015-11-14,0.155,0.191,0.156
2015-11-15,0.143,0.191,0.149
2015-11-16,0.143,0.191,0.149
2015-11-17,0.145,0.191,0.160
2015-11-18,0.142,0.193,0.164
2015-11-19,0.142,0.193,0.164
2015-11-20,0.134,0.193,0.164
2015-11-21,0.136,0.166,0.187
2015-11-22,0.163,0.166,0.199
2015-11-23,0.162,0.172,0.201
2015-11-24,0.151,0.163,0.197
2015-11-25,0.151,0.163,0.211
2015-11-26,0.150,0.171,0.190
2015-11-27,0.162,0.187,0.173
2015-11-28,0.162,0.187,0.169
2015-11-29,0.162,0.173,0.151
2015-11-30,0.178,0.176,0.158
2015-12-01,0.177,0.166,0.156
2015-12-02,0.177,0.166,0.156
2015-12-03,0.181,0.174,0.300
2015-12-04,0.155,0.179,0.285
2015-12-05,0.161,0.191,0.267
2015-12-06,0.161,0.191,0.267
2015-12-07,0.158,0.195,0.279
2015-12-08,0.158,0.195,0.279
2015-12-09,0.158,0.219,0.283
2015-12-10,0.171,0.202,0.227
2015-12-11,0.171,0.202,0.228
2015-12-12,0.174,0.242,0.297
2015-12-13,0.172,0.258,0.486
2015-12-14,0.172,0.265,0.495
2015-12-15,0.170,0.358,0.549
2015-12-16,0.155,0.345,0.505
2015-12-17,0.228,0.342,0.236
2015-12-18,0.228,0.342,0.303
2015-12-19,0.227,0.566,0.302
2015-12-20,0.221,0.347,0.310
2015-12-21,0.210,0.442,0.262
2015-12-22,0.208,0.374,0.260
2015-12-23,0.245,0.446,0.284
2015-12-24,0.307,0.407,0.394
2015-12-25,0.323,0.411,0.468
2015-12-26,0.331,0.453,0.426
2015-12-27,0.433,0.551,0.358
2015-12-28,0.434,0.556,0.554
2015-12-29,0.488,0.428,0.256
2015-12-30,0.488,0.345,0.282
2015-12-31,0.480,0.470,0.253
2016-01-01,0.442,0.570,0.314
2016-01-02,0.473,0.321,0.413
2016-01-03,0.438,0.248,0.371
2016-01-04,0.402,0.252,0.673
2016-01-05,0.451,0.365,0.517
2016-01-06,0.517,0.547,0.434
2016-01-07,0.416,0.479,0.357
2016-01-08,0.403,0.480,0.389
2016-01-09,0.400,0.482,0.467
2016-01-10,0.400,0.476,0.563
2016-01-11,0.400,0.500,0.442
2016-01-12,0.355,0.512,0.379
2016-01-13,0.405,0.476,0.385
2016-01-14,0.388,0.515,0.435
2016-01-15,0.427,0.439,0.430
2016-01-16,0.360,0.374,0.424
2016-01-17,0.388,0.373,0.330
2016-01-18,0.474,0.338,0.278
2016-01-19,0.481,0.301,0.234
2016-01-20,0.571,0.377,0.352
2016-01-21,0.631,0.415,0.423
2016-01-22,0.721,0.391,0.415
2016-01-23,0.563,0.379,0.391
2016-01-24,0.682,0.317,0.293
2016-01-25,0.665,0.213,0.389
2016-01-26,0.419,0.328,0.313
2016-01-27,0.649,0.304,0.225
2016-01-28,0.482,0.256,0.234
2016-01-29,0.469,0.364,0.342
2016-01-30,0.434,0.432,0.367
2016-01-31,0.236,0.333,0.226
2016-02-01,0.248,0.321,0.230
2016-02-02,0.255,0.249,0.283
2016-02-03,0.230,0.314,0.394
2016-02-04,0.170,0.277,0.296
2016-02-05,0.160,0.280,0.264
2016-02-06,0.180,0.335,0.273
2016-02-07,0.126,0.438,0.389
2016-02-08,0.176,0.244,0.307
2016-02-09,0.155,0.208,0.337
2016-02-10,0.145,0.231,0.270
2016-02-11,0.136,0.195,0.269
2016-02-12,0.147,0.156,0.297
2016-02-13,0.184,0.205,0.298
2016-02-14,0.220,0.227,0.639
2016-02-15,0.200,0.228,0.639
2016-02-16,0.166,0.235,0.591
2016-02-17,0.172,0.242,0.474
2016-02-18,0.174,0.222,0.461
2016-02-19,0.166,0.228,0.461
2016-02-20,0.187,0.196,0.238
2016-02-21,0.192,0.190,0.238
2016-02-22,0.125,0.156,0.251
2016-02-23,0.125,0.156,0.250
2016-02-24,0.150,0.172,0.191
2016-02-25,0.135,0.171,0.186
2016-02-26,0.148,0.157,0.208
2016-02-27,0.143,0.167,0.193
2016-02-28,0.136,0.162,0.157
2016-02-29,0.118,0.155,0.193
2016-03-01,0.138,0.174,0.268
2016-03-02,0.138,0.174,0.268
2016-03-03,0.140,0.159,0.159
2016-03-04,0.130,0.140,0.155
2016-03-05,0.130,0.119,0.172
2016-03-06,0.122,0.110,0.168
2016-03-07,0.113,0.111,0.168
2016-03-08,0.112,0.151,0.167
2016-03-09,0.109,0.149,0.173
2016-03-10,0.137,0.142,0.156
2016-03-11,0.142,0.169,0.142
2016-03-12,0.141,0.157,0.184
2016-03-13,0.156,0.159,0.289
2016-03-14,0.131,0.141,0.218
2016-03-15,0.103,0.102,0.229
2016-03-16,0.102,0.107,0.158
2016-03-17,0.102,0.122,0.166
2016-03-18,0.102,0.122,0.166
2016-03-19,0.124,0.145,0.164
2016-03-20,0.123,0.152,0.165
2016-03-21,0.125,0.152,0.165
2016-03-22,0.129,0.149,0.167
2016-03-23,0.122,0.136,0.168
2016-03-24,0.130,0.130,0.160
2016-03-25,0.130,0.130,0.158
2016-03-26,0.130,0.130,0.158
2016-03-27,0.146,0.127,0.171
2016-03-28,0.146,0.119,0.183
2016-03-29,0.146,0.119,0.183
2016-03-30,0.159,0.168,0.158
2016-03-31,0.154,0.168,0.139
2016-04-01,0.140,0.140,0.150
2016-04-02,0.152,0.147,0.156
2016-04-03,0.152,0.147,0.156
2016-04-04,0.155,0.147,0.164
2016-04-05,0.149,0.158,0.176
2016-04-06,0.145,0.163,0.162
2016-04-07,0.146,0.167,0.153
2016-04-08,0.132,0.151,0.175
2016-04-09,0.116,0.147,0.156
2016-04-10,0.117,0.139,0.143
2016-04-11,0.114,0.133,0.159
2016-04-12,0.104,0.133,0.150
2016-04-13,0.108,0.132,0.150
2016-04-14,0.106,0.123,0.130
2016-04-15,0.097,0.106,0.128
2016-04-16,0.108,0.109,0.114
2016-04-17,0.105,0.107,0.115
2016-04-18,0.106,0.108,0.127
2016-04-19,0.106,0.108,0.127
2016-04-20,0.109,0.121,0.138
2016-04-21,0.098,0.115,0.132
2016-04-22,0.103,0.110,0.131
2016-04-23,0.103,0.111,0.116
2016-04-24,0.103,0.111,0.113
2016-04-25,0.100,0.115,0.110
2016-04-26,0.107,0.112,0.105
2016-04-27,0.105,0.116,0.109
2016-04-28,0.098,0.117,0.107
2016-04-29,0.094,0.114,0.114
2016-04-30,0.103,0.128,0.113
2016-05-01,0.095,0.112,0.108
2016-05-02,0.096,0.103,0.093
2016-05-03,0.099,0.099,0.098
2016-05-04,0.110,0.101,0.095
2016-05-05,0.113,0.117,0.108
2016-05-06,0.106,0.114,0.094
2016-05-07,0.099,0.111,0.100
2016-05-08,0.096,0.111,0.100
2016-05-09,0.110,0.108,0.106
2016-05-10,0.107,0.110,0.102
2016-05-11,0.110,0.102,0.184
2016-05-12,0.108,0.102,0.193
2016-05-13,0.103,0.093,0.138
2016-05-14,0.107,0.100,0.143
2016-05-15,0.108,0.100,0.143
2016-05-16,0.101,0.107,0.140
2016-05-17,0.101,0.106,0.099
2016-05-18,0.097,0.105,0.100
2016-05-19,0.097,0.106,0.100
2016-05-20,0.084,0.095,0.124
2016-05-21,0.093,0.093,0.120
2016-05-22,0.093,0.093,0.121
2016-05-23,0.088,0.111,0.095
2016-05-24,0.085,0.095,0.095
2016-05-25,0.085,0.093,0.110
2016-05-26,0.085,0.093,0.108
2016-05-27,0.084,0.102,0.108
2016-05-28,0.083,0.102,0.113
2016-05-29,0.083,0.102,0.119
2016-05-30,0.083,0.115,0.114
2016-05-31,0.084,0.115,0.114
2016-06-01,0.086,0.106,0.110
2016-06-02,0.083,0.106,0.110
2016-06-03,0.076,0.107,0.113
2016-06-04,0.076,0.107,0.113
2016-06-05,0.076,0.114,0.113
2016-06-06,0.076,0.107,0.121
2016-06-07,0.071,0.100,0.113
2016-06-08,0.077,0.107,0.113
2016-06-09,0.078,0.107,0.106
2016-06-10,0.078,0.107,0.113
2016-06-11,0.073,0.107,0.113
2016-06-12,0.079,0.100,0.121
2016-06-13,0.079,0.107,0.113
2016-06-14,0.079,0.107,0.113
2016-06-15,0.085,0.100,0.105
2016-06-16,0.080,0.107,0.113
2016-06-17,0.081,0.107,0.105
2016-06-18,0.081,0.108,0.113
2016-06-19,0.083,0.092,0.111
2016-06-20,0.084,0.106,0.112
2016-06-21,0.084,0.104,0.111
2016-06-22,0.084,0.104,0.119
2016-06-23,0.084,0.103,0.106
2016-06-24,0.084,0.103,0.116
2016-06-25,0.084,0.103,0.118
2016-06-26,0.084,0.098,0.111
2016-06-27,0.084,0.098,0.111
2016-06-28,,0.098,0.111
2016-06-29,0.084,,
2016-06-30,0.193,,
2016-07-01,0.182,,
2016-07-02,0.195,,
2016-07-03,0.241,,
2016-07-04,0.246,,
2016-07-05,0.242,,
2016-07-06,0.242,,
2016-07-07,0.246,,
2016-07-08,0.239,,
2016-07-09,0.231,,
2016-07-10,,,
2016-07-11,0.237,,
2016-07-12,0.397,,
2016-07-13,0.423,,
2016-07-14,0.426,,
2016-07-15,0.519,,
2016-07-16,0.463,,
2016-07-17,0.493,,
2016-07-18,0.492,,
2016-07-19,0.442,,
2016-07-20,0.424,,
2016-07-21,0.479,,
2016-07-22,0.442,,
2016-07-23,0.428,,
2016-07-24,0.402,,
2016-07-25,0.402,,
2016-07-26,0.388,,
2016-07-27,0.389,,
2016-07-28,0.389,,
2016-07-29,0.389,,
2016-07-30,0.517,,
2016-07-31,0.481,,
2016-08-01,0.489,,
2016-08-02,0.490,,
2016-08-03,0.494,,
2016-08-04,0.464,,
2016-08-05,0.526,,
2016-08-06,0.526,,
2016-08-07,,,
2016-08-08,,,
2016-08-09,,,0.470
2016-08-10,0.506,,0.470
2016-08-11,0.506,,0.497
2016-08-12,0.506,,0.469
2016-08-13,0.506,,0.469
2016-08-14,0.506,0.493,0.469
2016-08-15,0.506,0.491,0.471
2016-08-16,0.506,0.462,0.393
2016-08-17,0.506,0.523,0.393
2016-08-18,0.476,0.492,0.391
2016-08-19,0.503,0.492,0.359
2016-08-20,0.503,0.523,0.383
2016-08-21,0.473,0.490,0.387
2016-08-22,0.536,0.506,0.388
2016-08-23,0.458,0.515,0.283
2016-08-24,0.487,0.484,0.302
2016-08-25,0.487,0.484,0.286
2016-08-26,0.486,0.468,0.195
2016-08-27,0.210,0.255,0.174
2016-08-28,0.209,0.227,0.168
2016-08-29,0.200,0.211,0.159
2016-08-30,0.198,0.195,0.159
2016-08-31,0.186,0.195,0.159
2016-09-01,0.197,0.195,0.159
2016-09-02,0.196,0.192,0.159
2016-09-03,0.195,0.192,0.159
2016-09-04,0.209,0.190,0.159
2016-09-05,0.194,0.190,0.159
2016-09-06,0.194,0.189,0.148
2016-09-07,0.205,0.190,0.149
2016-09-08,0.205,0.190,0.149
2016-09-09,0.210,0.172,0.145
2016-09-10,0.221,0.178,0.145
2016-09-11,0.218,0.187,0.145
2016-09-12,0.203,0.187,0.159
2016-09-13,0.173,0.180,0.156
2016-09-14,0.173,0.173,0.165
2016-09-15,0.178,0.159,0.176
2016-09-16,0.178,0.155,0.169
2016-09-17,0.178,0.155,0.169
2016-09-18,0.173,0.160,0.171
2016-09-19,0.152,0.182,0.164
2016-09-20,0.152,0.170,0.171
2016-09-21,0.151,0.165,0.170
2016-09-22,0.159,0.165,0.170
2016-09-23,0.160,0.173,0.175
2016-09-24,0.160,0.173,0.176
2016-09-25,0.167,0.155,0.151
2016-09-26,0.164,0.154,0.153
2016-09-27,0.159,0.156,0.163
2016-09-28,0.159,0.158,0.157
2016-09-29,0.152,0.158,0.157
2016-09-30,0.142,0.177,0.197
2016-10-01,0.137,0.139,0.185
2016-10-02,0.131,0.142,0.143
2016-10-03,0.132,0.134,0.138
2016-10-04,0.137,0.133,0.143
2016-10-05,0.137,0.133,0.130
2016-10-06,0.137,0.135,0.128
2016-10-07,0.150,0.152,0.124
2016-10-08,0.136,0.146,0.125
2016-10-09,0.146,0.149,0.145
2016-10-10,0.138,0.153,0.161
2016-10-11,0.143,0.159,0.159
2016-10-12,0.147,0.164,0.151
2016-10-13,0.140,0.166,0.159
2016-10-14,0.139,0.150,0.139
2016-10-15,0.134,0.156,0.143
2016-10-16,0.135,0.159,0.130
2016-10-17,0.135,0.158,0.129
2016-10-18,0.134,0.161,0.133
2016-10-19,0.135,0.159,0.135
2016-10-20,0.135,0.159,0.140
2016-10-21,0.135,0.159,0.142
2016-10-22,0.129,0.154,0.137
2016-10-23,0.129,0.154,0.142
2016-10-24,0.122,0.162,0.137
2016-10-25,0.127,0.153,0.132
2016-10-26,0.129,0.150,0.138
2016-10-27,0.171,0.137,0.174
2016-10-28,0.171,0.137,0.174
2016-10-29,0.177,0.161,0.167
2016-10-30,0.136,0.158,0.173
2016-10-31,0.161,0.151,0.168
2016-11-01,0.161,0.151,0.161
2016-11-02,0.177,0.155,0.147
2016-11-03,0.177,0.153,0.145
2016-11-04,0.155,0.179,0.143
2016-11-05,0.157,0.179,0.143
2016-11-06,0.158,0.158,0.151
2016-11-07,0.155,0.157,0.152
2016-11-08,0.133,0.145,0.165
2016-11-09,0.133,0.145,0.165
2016-11-10,0.125,0.151,0.170
2016-11-11,0.115,0.139,0.151
2016-11-12,0.115,0.137,0.159
2016-11-13,0.094,0.137,0.159
2016-11-14,0.110,0.154,0.227
2016-11-15,0.160,0.154,0.227
2016-11-16,0.160,0.154,0.227
2016-11-17,0.160,0.154,0.221
2016-11-18,0.166,0.178,0.219
2016-11-19,0.166,0.178,0.194
2016-11-20,0.166,0.179,0.208
2016-11-21,0.129,0.152,0.223
2016-11-22,0.148,0.154,0.260
2016-11-23,0.143,0.157,0.239
2016-11-24,0.170,0.174,0.181
2016-11-25,0.172,0.174,0.218
2016-11-26,0.166,0.172,0.182
2016-11-27,0.183,0.155,0.171
2016-11-28,0.199,0.176,0.198
2016-11-29,0.169,0.174,0.171
2016-11-30,0.155,0.154,0.165
2016-12-01,0.153,0.163,0.166
2016-12-02,0.139,0.166,0.199
2016-12-03,0.210,0.178,0.239
2016-12-04,0.214,0.172,0.281
2016-12-05,0.216,0.172,0.304
2016-12-06,0.180,0.203,0.249
2016-12-07,0.162,0.212,0.208
2016-12-08,0.141,0.201,0.228
2016-12-09,0.145,0.222,0.204
2016-12-10,0.169,0.188,0.235
2016-12-11,0.161,0.209,0.243
2016-12-12,0.198,0.179,0.249
2016-12-13,0.171,0.196,0.239
2016-12-14,0.252,0.701,0.272
2016-12-15,0.251,0.678,0.368
2016-12-16,0.257,0.613,0.409
2016-12-17,0.258,0.496,0.617
2016-12-18,0.255,0.390,1.284
2016-12-19,0.266,0.411,1.364
2016-12-20,0.266,0.411,1.322
2016-12-21,0.255,0.352,0.636
2016-12-22,0.251,0.315,0.394
2016-12-23,0.245,0.217,0.324
2016-12-24,0.227,0.263,0.387
2016-12-25,0.260,0.314,0.292
2016-12-26,0.343,0.502,0.392
2016-12-27,0.407,0.502,0.295
2016-12-28,0.805,0.281,0.220
2016-12-29,0.427,0.263,0.314
2016-12-30,0.460,0.215,0.283
2016-12-31,0.421,0.280,0.249
2017-01-01,0.274,0.229,0.208
2017-01-02,0.256,0.330,0.186
2017-01-03,0.256,0.355,0.170
2017-01-04,0.257,0.482,0.200
2017-01-05,0.270,0.420,0.203
2017-01-06,0.157,0.503,0.202
2017-01-07,0.219,0.414,0.250
2017-01-08,0.190,0.325,0.288
2017-01-09,0.198,0.325,0.288
2017-01-10,0.414,0.303,0.336
2017-01-11,0.412,0.303,0.336
2017-01-12,0.294,0.237,0.302
2017-01-13,0.318,0.225,0.354
2017-01-14,0.294,0.219,0.396
2017-01-15,0.348,0.376,0.513
2017-01-16,0.331,0.433,0.513
2017-01-17,0.337,0.397,0.485
2017-01-18,0.467,0.518,0.511
2017-01-19,0.490,0.506,0.563
2017-01-20,0.518,0.542,0.563
2017-01-21,0.557,0.521,0.594
2017-01-22,0.710,0.751,0.594
2017-01-23,0.647,0.750,0.695
2017-01-24,0.566,0.967,1.020
2017-01-25,0.588,1.488,0.518
2017-01-26,0.876,1.448,0.513
2017-01-27,0.836,0.830,0.603
2017-01-28,0.635,0.846,0.473
2017-01-29,1.275,0.666,0.551
2017-01-30,1.278,0.548,0.493
2017-01-31,1.457,0.465,0.532
2017-02-01,0.783,0.378,0.350
2017-02-02,1.029,0.497,0.368
2017-02-03,0.735,0.387,0.286
2017-02-04,0.579,0.454,0.358
2017-02-05,0.579,0.435,0.344
2017-02-06,0.556,0.405,0.281
2017-02-07,0.641,0.303,0.280
2017-02-08,0.615,0.291,0.285
2017-02-09,0.601,0.424,0.379
2017-02-10,0.762,0.558,0.414
2017-02-11,0.465,0.428,0.388
2017-02-12,0.413,0.390,0.402
2017-02-13,0.436,0.393,0.408
2017-02-14,0.503,0.436,0.330
2017-02-15,0.522,0.451,0.392
2017-02-16,0.791,0.639,0.341
2017-02-17,0.983,0.597,0.345
2017-02-18,0.901,0.541,0.337
2017-02-19,1.255,0.456,0.306
2017-02-20,0.678,0.520,0.390
2017-02-21,0.540,0.360,0.408
2017-02-22,0.419,0.462,0.220
2017-02-23,0.549,0.408,0.345
2017-02-24,0.617,0.348,0.522
2017-02-25,0.334,0.509,0.197
2017-02-26,0.268,0.494,0.206
2017-02-27,0.205,0.258,0.322
2017-02-28,0.217,0.237,0.233
2017-03-01,0.204,0.216,0.215
2017-03-02,0.192,0.187,0.205
2017-03-03,0.187,0.225,0.180
2017-03-04,0.270,0.259,0.182
2017-03-05,0.190,0.300,0.251
2017-03-06,0.181,0.328,0.307
2017-03-07,0.165,0.228,0.216
2017-03-08,0.161,0.185,0.199
2017-03-09,0.213,0.197,0.193
2017-03-10,0.160,0.178,0.181
2017-03-11,0.213,0.188,0.214
2017-03-12,0.215,0.231,0.214
2017-03-13,0.204,0.231,0.215
2017-03-14,0.209,0.233,0.293
2017-03-15,0.173,0.207,0.244
2017-03-16,0.180,0.299,0.173
2017-03-17,0.162,0.185,0.155
2017-03-18,0.172,0.223,0.181
2017-03-19,0.177,0.240,0.158
2017-03-20,0.146,0.255,0.166
2017-03-21,0.160,0.261,0.163
2017-03-22,0.180,0.228,0.156
2017-03-23,0.187,0.202,0.172
2017-03-24,0.187,0.187,0.159
2017-03-25,0.163,0.160,0.185
2017-03-26,0.161,0.165,0.160
2017-03-27,0.161,0.165,0.160
2017-03-28,0.161,0.164,0.160
2017-03-29,0.168,0.145,0.116
2017-03-30,0.175,0.155,0.138
2017-03-31,0.175,0.155,0.129
2017-04-01,0.176,0.183,0.186
2017-04-02,0.176,0.183,0.188
2017-04-03,0.164,0.168,0.186
2017-04-04,0.163,0.168,0.186
2017-04-05,0.156,0.168,0.442
2017-04-06,0.156,0.168,0.440
2017-04-07,0.120,0.181,0.206
2017-04-08,0.116,0.181,0.204
2017-04-09,0.116,0.181,0.204
2017-04-10,0.126,0.179,0.192
2017-04-11,0.126,0.593,0.221
2017-04-12,0.120,0.219,0.315
2017-04-13,0.122,0.177,0.222
2017-04-14,0.122,0.188,0.198
2017-04-15,0.068,0.150,0.185
2017-04-16,0.068,0.150,0.185
2017-04-17,0.134,0.202,0.137
2017-04-18,0.134,0.202,0.137
2017-04-19,0.135,0.202,0.150
2017-04-20,0.161,0.149,0.132
2017-04-21,0.160,0.149,0.127
2017-04-22,0.160,0.149,0.132
2017-04-23,0.153,0.147,0.150
2017-04-24,0.132,0.148,0.167
2017-04-25,0.142,0.150,0.165
2017-04-26,0.142,0.150,0.165
2017-04-27,0.142,0.133,0.153
2017-04-28,0.157,0.123,0.172
2017-04-29,0.157,0.119,0.173
2017-04-30,0.135,0.141,0.171
2017-05-01,0.135,0.141,0.171
2017-05-02,0.135,0.141,0.171
2017-05-03,0.133,0.136,0.151
2017-05-04,0.133,0.145,0.152
2017-05-05,0.127,0.141,0.152
2017-05-06,0.127,0.150,0.137
2017-05-07,0.144,0.139,0.134
2017-05-08,0.140,0.131,0.136
2017-05-09,0.120,0.144,0.135
2017-05-10,0.123,0.138,0.130
2017-05-11,0.118,0.145,0.128
2017-05-12,0.133,0.159,0.139
2017-05-13,0.133,0.159,0.139
2017-05-14,0.116,0.130,0.131
2017-05-15,0.110,0.126,0.125
2017-05-16,0.103,0.128,0.131
2017-05-17,0.104,0.137,0.135
2017-05-18,0.104,0.129,0.132
2017-05-19,0.110,0.156,0.129
2017-05-20,0.107,0.125,0.118
2017-05-21,0.105,0.114,0.137
2017-05-22,0.110,0.110,0.123
2017-05-23,0.106,0.116,0.126
2017-05-24,0.107,0.111,0.131
2017-05-25,0.110,0.108,0.112
2017-05-26,0.102,0.108,0.110
2017-05-27,0.114,0.106,0.127
2017-05-28,0.115,0.106,0.127
2017-05-29,0.115,0.106,0.127
2017-05-30,0.115,0.098,0.127
2017-05-31,0.122,0.101,0.067
2017-06-01,0.117,0.109,0.065
2017-06-02,0.117,0.103,0.065
2017-06-03,0.116,0.103,0.065
2017-06-04,0.116,0.103,0.104
2017-06-05,0.116,0.110,0.108
2017-06-06,0.122,0.093,0.102
2017-06-07,0.113,0.095,0.102
2017-06-08,0.108,0.099,0.099
2017-06-09,0.118,0.099,0.100
2017-06-10,0.118,0.099,0.116
2017-06-11,0.117,0.101,0.118
2017-06-12,0.125,0.094,0.119
2017-06-13,0.137,0.095,0.119
2017-06-14,0.153,0.110,0.107
2017-06-15,0.143,0.110,0.107
2017-06-16,0.143,0.110,0.105
2017-06-17,0.143,0.110,0.105
2017-06-18,0.143,0.110,0.108
2017-06-19,0.144,0.118,0.108
2017-06-20,0.144,0.110,0.110
2017-06-21,0.144,0.112,0.110
2017-06-22,0.144,0.106,0.113
2017-06-23,0.144,0.125,0.114
2017-06-24,0.144,0.130,0.115
2017-06-25,0.135,0.133,0.118
2017-06-26,0.144,0.133,0.127
2017-06-27,0.181,0.151,0.111
2017-06-28,,0.142,0.127
2017-06-29,0.194,,
2017-06-30,0.182,,
2017-07-01,0.156,,
2017-07-02,0.167,,
2017-07-03,0.171,,
2017-07-04,0.171,,
2017-07-05,0.174,,
2017-07-06,0.174,,
2017-07-07,0.174,,
2017-07-08,0.174,,
2017-07-09,0.150,,
2017-07-10,,,
2017-07-11,0.148,,
2017-07-12,0.148,,
2017-07-13,0.148,,
2017-07-14,0.148,,
2017-07-15,0.249,,
2017-07-16,0.249,,
2017-07-17,0.249,,
2017-07-18,0.249,,
2017-07-19,0.249,,
2017-07-20,0.249,,
2017-07-21,0.258,,
2017-07-22,0.262,,
2017-07-23,0.280,,
2017-07-24,0.268,,
2017-07-25,0.296,,
2017-07-26,0.296,,
2017-07-27,0.296,,
2017-07-28,0.302,,
2017-07-29,0.282,,
2017-07-30,0.301,,
2017-07-31,0.301,,
2017-08-01,0.317,,
2017-08-02,0.317,,
2017-08-03,0.297,,
2017-08-04,0.316,,
2017-08-05,0.288,,
2017-08-06,0.270,,
2017-08-07,,,
2017-08-08,,,
2017-08-09,,,0.347
2017-08-10,0.232,,0.325
2017-08-11,0.247,,0.325
2017-08-12,0.191,,0.201
2017-08-13,0.202,,0.201
2017-08-14,0.184,0.127,0.216
2017-08-15,0.186,0.118,0.204
2017-08-16,0.201,0.184,0.242
2017-08-17,0.188,0.185,0.245
2017-08-18,0.188,0.173,0.229
2017-08-19,0.180,0.185,0.229
2017-08-20,0.193,0.186,0.220
2017-08-21,0.175,0.199,0.220
2017-08-22,0.173,0.187,0.219
2017-08-23,0.194,0.187,0.220
2017-08-24,0.173,0.187,0.215
2017-08-25,0.173,0.187,0.201
2017-08-26,0.139,0.187,0.207
2017-08-27,0.153,0.187,0.207
2017-08-28,0.151,0.188,0.206
2017-08-29,0.150,0.188,0.208
2017-08-30,0.219,0.227,0.224
2017-08-31,0.219,0.227,0.224
2017-09-01,0.209,0.198,0.237
2017-09-02,0.218,0.198,0.237
2017-09-03,0.165,0.177,0.242
2017-09-04,0.164,0.166,0.241
2017-09-05,0.161,0.145,0.214
2017-09-06,0.161,0.146,0.214
2017-09-07,0.132,0.146,0.191
2017-09-08,0.125,0.135,0.191
2017-09-09,0.125,0.156,0.167
2017-09-10,0.130,0.158,0.147
2017-09-11,0.130,0.158,0.145
2017-09-12,0.130,0.158,0.139
2017-09-13,0.129,0.149,0.145
2017-09-14,0.153,0.149,0.153
2017-09-15,0.153,0.149,0.153
2017-09-16,0.155,0.150,0.165
2017-09-17,0.167,0.150,0.165
2017-09-18,0.153,0.150,0.165
2017-09-19,0.154,0.157,0.154
2017-09-20,0.139,0.177,0.148
2017-09-21,0.139,0.177,0.139
2017-09-22,0.140,0.167,0.148
2017-09-23,0.140,0.167,0.148
2017-09-24,0.134,0.168,0.163
2017-09-25,0.134,0.151,0.160
2017-09-26,0.147,0.173,0.146
2017-09-27,0.144,0.159,0.148
2017-09-28,0.141,0.141,0.142
2017-09-29,0.140,0.154,0.138
2017-09-30,0.148,0.154,0.140
2017-10-01,0.144,0.158,0.124
2017-10-02,0.144,0.158,0.122
2017-10-03,0.149,0.151,0.137
2017-10-04,0.151,0.151,0.137
2017-10-05,0.155,0.153,0.149
2017-10-06,0.154,0.153,0.149
2017-10-07,0.164,0.153,0.149
2017-10-08,0.150,0.153,0.147
2017-10-09,0.136,0.139,0.123
2017-10-10,0.127,0.130,0.122
2017-10-11,0.128,0.139,0.122
2017-10-12,0.137,0.139,0.121
2017-10-13,0.133,0.120,0.132
2017-10-14,0.133,0.130,0.130
2017-10-15,0.129,0.128,0.130
2017-10-16,0.126,0.128,0.131
2017-10-17,0.130,0.136,0.148
2017-10-18,0.129,0.138,0.148
2017-10-19,0.110,0.137,0.148
2017-10-20,0.149,0.160,0.173
2017-10-21,0.178,0.166,0.194
2017-10-22,0.181,0.166,0.194
2017-10-23,0.166,0.153,0.187
2017-10-24,0.156,0.142,0.157
2017-10-25,0.160,0.154,0.176
2017-10-26,0.156,0.148,0.161
2017-10-27,0.144,0.147,0.161
2017-10-28,0.134,0.142,0.178
2017-10-29,0.139,0.144,0.187
2017-10-30,0.161,0.142,0.173
2017-10-31,0.161,0.142,0.172
2017-11-01,0.156,0.157,0.167
2017-11-02,0.157,0.156,0.174
2017-11-03,0.159,0.159,0.176
2017-11-04,0.148,0.144,0.168
2017-11-05,0.149,0.148,0.172
2017-11-06,0.143,0.157,0.157
2017-11-07,0.140,0.158,0.170
2017-11-08,0.146,0.151,0.164
2017-11-09,0.131,0.133,0.133
2017-11-10,0.147,0.139,0.168
2017-11-11,0.150,0.156,0.155
2017-11-12,0.140,0.145,0.155
2017-11-13,0.172,0.149,0.156
2017-11-14,0.172,0.154,0.153
2017-11-15,0.169,0.154,0.163
2017-11-16,0.157,0.152,0.167
2017-11-17,0.165,0.196,0.167
2017-11-18,0.166,0.196,0.173
2017-11-19,0.166,0.208,0.174
2017-11-20,0.156,0.199,0.231
2017-11-21,0.172,0.198,0.205
2017-11-22,0.172,0.199,0.205
2017-11-23,0.158,0.155,0.168
2017-11-24,0.171,0.152,0.162
2017-11-25,0.185,0.158,0.156
2017-11-26,0.185,0.166,0.138
2017-11-27,0.497,0.187,0.155
2017-11-28,0.505,0.204,0.198
2017-11-29,0.479,0.214,0.191
2017-11-30,0.439,0.215,0.192
2017-12-01,0.415,0.217,0.188
2017-12-02,0.391,0.215,0.174
2017-12-03,0.220,0.228,0.199
2017-12-04,0.328,0.260,0.199
2017-12-05,0.368,0.266,0.213
2017-12-06,0.400,0.327,0.215
2017-12-07,0.400,0.327,0.215
2017-12-08,1.065,0.637,0.330
2017-12-09,0.882,0.567,0.326
2017-12-10,0.839,0.602,0.269
2017-12-11,0.437,0.458,0.228
2017-12-12,0.747,0.547,0.247
2017-12-13,1.297,0.532,0.243
2017-12-14,0.778,0.491,0.254
2017-12-15,1.328,1.292,0.455
2017-12-16,2.481,1.310,0.455
2017-12-17,2.556,1.351,0.455
2017-12-18,2.563,1.218,0.477
2017-12-19,0.834,1.155,0.712
2017-12-20,0.822,1.129,0.673
2017-12-21,0.834,1.069,0.712
2017-12-22,1.637,1.270,0.738
2017-12-23,1.072,1.181,0.942
2017-12-24,0.401,0.977,1.030
2017-12-25,0.769,0.843,1.053
2017-12-26,0.880,1.184,0.796
2017-12-27,0.937,1.075,0.607
2017-12-28,1.002,0.821,0.465
2017-12-29,1.067,0.718,0.641
2017-12-30,1.058,0.812,0.705
2017-12-31,1.706,0.883,0.695
2018-01-01,0.729,0.873,0.677
2018-01-02,0.579,0.839,0.557
2018-01-03,0.663,0.597,0.464
2018-01-04,0.510,0.534,0.494
2018-01-05,0.559,0.384,0.322
2018-01-06,0.334,0.363,0.321
2018-01-07,0.339,0.351,0.250
2018-01-08,0.271,0.470,0.269
2018-01-09,0.418,0.621,0.431
2018-01-10,0.367,0.531,0.478
2018-01-11,0.369,0.509,0.499
2018-01-12,0.491,0.550,0.482
2018-01-13,0.352,0.529,0.457
2018-01-14,0.391,0.514,0.547
2018-01-15,0.392,0.523,0.537
2018-01-16,0.391,0.503,0.498
2018-01-17,0.301,0.549,0.495
2018-01-18,0.301,0.649,0.431
2018-01-19,0.443,0.572,0.448
2018-01-20,0.368,0.440,0.397
2018-01-21,0.298,0.532,0.385
2018-01-22,0.336,0.375,0.467
2018-01-23,0.483,0.483,0.498
2018-01-24,0.416,0.432,0.590
2018-01-25,0.329,0.432,0.597
2018-01-26,0.352,0.431,0.532
2018-01-27,0.405,0.430,0.276
2018-01-28,0.354,0.243,0.871
2018-01-29,0.380,0.331,0.430
2018-01-30,0.380,0.370,0.569
2018-01-31,0.557,0.663,0.890
2018-02-01,0.422,0.574,1.024
2018-02-02,0.418,0.553,0.476
2018-02-03,0.355,0.952,0.660
2018-02-04,0.409,0.866,0.659
2018-02-05,0.515,0.821,0.629
2018-02-06,0.525,0.709,0.947
2018-02-07,0.476,0.257,1.031
2018-02-08,0.470,0.241,1.027
2018-02-09,0.341,0.297,0.744
2018-02-10,0.390,0.253,0.495
2018-02-11,0.375,0.201,0.439
2018-02-12,0.263,0.159,0.474
2018-02-13,0.315,0.183,0.396
2018-02-14,0.271,0.203,0.501
2018-02-15,0.216,0.229,0.620
2018-02-16,0.216,0.227,0.567
2018-02-17,0.240,0.207,0.425
2018-02-18,0.300,0.186,0.529
2018-02-19,0.349,0.196,0.752
2018-02-20,0.355,0.210,0.649
2018-02-21,0.604,0.208,1.065
2018-02-22,0.495,0.217,0.697
2018-02-23,0.495,0.217,0.697
2018-02-24,0.249,0.168,0.624
2018-02-25,0.357,0.142,0.608
2018-02-26,0.343,0.166,0.561
2018-02-27,0.345,0.151,0.438
2018-02-28,0.290,0.140,0.441
2018-03-01,0.282,0.121,0.348
2018-03-02,0.260,0.216,0.472
2018-03-03,0.249,0.186,2.268
2018-03-04,0.245,0.123,1.244
2018-03-05,0.216,0.161,0.463
2018-03-06,0.190,0.172,0.352
2018-03-07,0.194,0.162,0.334
2018-03-08,0.161,0.174,0.451
2018-03-09,0.177,0.163,0.438
2018-03-10,0.137,0.172,0.592
2018-03-11,0.129,0.156,0.443
2018-03-12,0.195,0.143,0.321
2018-03-13,0.213,0.146,0.321
2018-03-14,0.326,0.169,0.275
2018-03-15,0.338,0.155,0.354
2018-03-16,0.384,0.168,0.350
2018-03-17,0.290,0.150,0.418
2018-03-18,0.213,0.158,0.590
2018-03-19,0.171,0.157,0.439
2018-03-20,0.149,0.210,0.218
2018-03-21,0.126,0.143,0.177
2018-03-22,0.139,0.154,0.178
2018-03-23,0.138,0.157,0.173
2018-03-24,0.154,0.143,0.117
2018-03-25,0.152,0.124,0.150
2018-03-26,0.166,0.148,0.158
2018-03-27,0.141,0.140,0.150
2018-03-28,0.164,0.146,0.188
2018-03-29,0.155,0.121,0.160
2018-03-30,0.171,0.123,0.164
2018-03-31,0.148,0.127,0.157
2018-04-01,0.143,0.136,0.146
2018-04-02,0.154,0.144,0.166
2018-04-03,0.148,0.132,0.146
2018-04-04,0.160,0.158,0.134
2018-04-05,0.170,0.149,0.134
2018-04-06,0.183,0.170,0.138
2018-04-07,0.150,0.173,0.138
2018-04-08,0.146,0.160,0.161
2018-04-09,0.147,0.156,0.161
2018-04-10,0.131,0.152,0.161
2018-04-11,0.119,0.143,0.184
2018-04-12,0.133,0.146,0.184
2018-04-13,0.135,0.149,0.155
2018-04-14,0.136,0.127,0.153
2018-04-15,0.141,0.129,0.156
2018-04-16,0.127,0.123,0.140
2018-04-17,0.127,0.123,0.140
2018-04-18,0.127,0.119,0.160
2018-04-19,0.129,0.131,0.160
2018-04-20,0.129,0.145,0.167
2018-04-21,0.133,0.116,0.145
2018-04-22,0.121,0.122,0.145
2018-04-23,0.120,0.122,0.148
2018-04-24,0.124,0.123,0.137
2018-04-25,0.124,0.114,0.143
2018-04-26,0.121,0.119,0.119
2018-04-27,0.101,0.102,0.108
2018-04-28,0.107,0.112,0.097
2018-04-29,0.107,0.112,0.099
2018-04-30,0.105,0.110,0.135
2018-05-01,0.105,0.110,0.134
2018-05-02,0.120,0.105,0.133
2018-05-03,0.120,0.121,0.140
2018-05-04,0.125,0.131,0.166
2018-05-05,0.120,0.128,0.165
2018-05-06,0.127,0.129,0.168
2018-05-07,0.127,0.131,0.160
2018-05-08,0.122,0.121,0.121
2018-05-09,0.125,0.128,0.122
2018-05-10,0.121,0.127,0.122
2018-05-11,0.117,0.127,0.122
2018-05-12,0.113,0.128,0.154
2018-05-13,0.113,0.135,0.156
2018-05-14,0.113,0.131,0.157
2018-05-15,0.113,0.115,0.159
2018-05-16,0.113,0.115,0.159
2018-05-17,0.113,0.115,0.159
2018-05-18,0.113,0.115,0.160
2018-05-19,0.113,0.115,0.171
2018-05-20,0.115,0.108,0.170
2018-05-21,0.115,0.115,0.158
2018-05-22,0.112,0.112,0.158
2018-05-23,0.112,0.111,0.158
2018-05-24,0.112,0.120,0.149
2018-05-25,0.109,0.096,0.109
2018-05-26,0.109,0.106,0.095
2018-05-27,0.108,0.113,0.102
2018-05-28,0.108,0.098,0.102
2018-05-29,0.107,0.098,0.103
2018-05-30,0.100,0.104,0.103
2018-05-31,0.102,0.111,0.101
2018-06-01,0.100,0.095,0.101
2018-06-02,0.100,0.097,0.101
2018-06-03,0.087,0.097,0.102
2018-06-04,0.087,0.101,0.111
2018-06-05,0.089,0.105,0.105
2018-06-06,0.089,0.105,0.105
2018-06-07,0.083,0.105,0.105
2018-06-08,0.091,0.105,0.105
2018-06-09,0.091,0.105,0.105
2018-06-10,0.091,0.114,0.104
2018-06-11,0.091,0.115,0.104
2018-06-12,0.092,0.115,0.104
2018-06-13,0.092,0.100,0.104
2018-06-14,0.092,0.117,0.097
2018-06-15,0.098,0.109,0.104
2018-06-16,0.093,0.102,0.098
2018-06-17,0.100,0.110,0.105
2018-06-18,0.100,0.111,0.118
2018-06-19,0.101,0.111,0.115
2018-06-20,0.094,0.119,0.132
2018-06-21,0.122,0.133,0.127
2018-06-22,0.135,0.136,0.127
2018-06-23,0.135,0.135,0.136
2018-06-24,0.135,0.135,0.127
2018-06-25,0.126,0.135,0.127
2018-06-26,0.135,0.126,0.127
2018-06-27,0.135,0.136,0.127
2018-06-28,,0.127,0.127
2018-06-29,0.126,,
2018-06-30,0.135,,
2018-07-01,0.136,,
2018-07-02,0.136,,
2018-07-03,0.136,,
2018-07-04,0.136,,
2018-07-05,0.136,,
2018-07-06,0.127,,
2018-07-07,0.127,,
2018-07-08,0.146,,
2018-07-09,0.136,,
2018-07-10,,,
2018-07-11,0.140,,
2018-07-12,0.151,,
2018-07-13,0.132,,
2018-07-14,0.153,,
2018-07-15,0.144,,
2018-07-16,0.163,,
2018-07-17,0.644,,
2018-07-18,0.650,,
2018-07-19,0.612,,
2018-07-20,0.612,,
2018-07-21,0.680,,
2018-07-22,0.669,,
2018-07-23,0.668,,
2018-07-24,0.668,,
2018-07-25,0.621,,
2018-07-26,0.645,,
2018-07-27,0.645,,
2018-07-28,0.645,,
2018-07-29,0.645,,
2018-07-30,0.607,,
2018-07-31,0.645,,
2018-08-01,0.685,,
2018-08-02,0.645,,
2018-08-03,0.645,,
2018-08-04,0.612,,
2018-08-05,0.651,,
2018-08-06,0.648,,
2018-08-07,,,
2018-08-08,,,
2018-08-09,,,0.487
2018-08-10,0.631,,0.494
2018-08-11,0.630,,0.494
2018-08-12,0.631,,0.494
2018-08-13,0.632,,0.493
2018-08-14,0.645,0.527,0.509
2018-08-15,0.648,0.573,0.509
2018-08-16,0.648,0.575,0.479
2018-08-17,1.035,0.850,0.604
2018-08-18,1.023,1.381,0.901
2018-08-19,0.967,1.311,0.901
2018-08-20,1.036,1.337,0.924
2018-08-21,1.095,1.258,0.555
2018-08-22,1.040,1.278,1.262
2018-08-23,1.047,1.274,1.195
2018-08-24,1.047,1.274,1.195
2018-08-25,1.049,1.274,1.196
2018-08-26,1.049,1.276,1.165
2018-08-27,1.033,1.337,1.167
2018-08-28,1.219,1.269,1.167
2018-08-29,1.234,1.269,1.098
2018-08-30,1.309,1.267,1.076
2018-08-31,1.309,1.335,1.076
2018-09-01,1.369,1.267,1.076
2018-09-02,1.194,1.266,1.076
2018-09-03,1.428,1.312,1.076
2018-09-04,1.992,1.173,1.021
2018-09-05,1.936,0.973,1.027
2018-09-06,0.998,0.811,1.039
2018-09-07,0.797,0.784,1.039
2018-09-08,1.345,0.791,1.197
2018-09-09,2.145,0.876,1.726
2018-09-10,2.214,0.891,2.028
2018-09-11,7.964,0.707,2.685
2018-09-12,1.351,0.634,1.928
2018-09-13,0.813,0.493,0.596
2018-09-14,0.704,0.466,0.607
2018-09-15,0.730,0.509,0.681
2018-09-16,0.545,0.398,0.816
2018-09-17,0.687,0.373,0.785
2018-09-18,1.279,0.395,0.792
2018-09-19,0.467,0.325,1.869
2018-09-20,0.435,0.336,5.520
2018-09-21,0.450,0.264,2.150
2018-09-22,0.383,0.264,2.150
2018-09-23,0.364,0.253,0.341
2018-09-24,0.305,0.254,0.294
2018-09-25,0.294,0.249,0.299
2018-09-26,0.235,0.245,0.270
2018-09-27,0.217,0.235,0.265
2018-09-28,0.305,0.340,0.273
2018-09-29,0.255,0.323,0.275
2018-09-30,0.249,0.299,0.274
2018-10-01,0.255,0.282,0.266
2018-10-02,0.269,0.282,0.262
2018-10-03,0.262,0.297,0.288
2018-10-04,0.248,0.267,0.265
2018-10-05,0.230,0.270,0.265
2018-10-06,0.250,0.251,0.256
2018-10-07,0.262,0.251,0.242
2018-10-08,0.261,0.250,0.218
2018-10-09,0.266,0.240,0.200
2018-10-10,0.241,0.212,0.211
2018-10-11,0.238,0.214,0.234
2018-10-12,0.200,0.215,0.267
2018-10-13,0.200,0.215,0.274
2018-10-14,0.205,0.216,0.253
2018-10-15,0.206,0.197,0.267
2018-10-16,0.204,0.196,0.263
2018-10-17,0.207,0.204,0.262
2018-10-18,0.206,0.203,0.261
2018-10-19,0.204,0.201,0.261
2018-10-20,0.205,0.201,0.265
2018-10-21,0.233,0.212,0.229
2018-10-22,0.243,0.204,0.224
2018-10-23,0.236,0.198,0.227
2018-10-24,0.216,0.201,0.211
2018-10-25,0.214,0.197,0.201
2018-10-26,0.204,0.190,0.214
2018-10-27,0.204,0.190,0.214
2018-10-28,0.220,0.236,0.206
2018-10-29,0.213,0.226,0.193
2018-10-30,0.209,0.209,0.200
2018-10-31,0.210,0.226,0.186
2018-11-01,0.209,0.226,0.186
2018-11-02,0.207,0.191,0.180
2018-11-03,0.203,0.208,0.175
2018-11-04,0.203,0.209,0.173
2018-11-05,0.192,0.169,0.181
2018-11-06,0.194,0.169,0.182
2018-11-07,0.203,0.167,0.168
2018-11-08,0.201,0.161,0.148
2018-11-09,0.215,0.170,0.184
2018-11-10,0.188,0.167,0.166
2018-11-11,0.201,0.167,0.174
2018-11-12,0.198,0.171,0.160
2018-11-13,0.142,0.171,0.163
2018-11-14,0.163,0.158,0.179
2018-11-15,0.182,0.165,0.167
2018-11-16,0.213,0.172,0.139
2018-11-17,0.201,0.153,0.147
2018-11-18,0.227,0.160,0.151
2018-11-19,0.227,0.161,0.150
2018-11-20,0.182,0.157,0.163
2018-11-21,0.169,0.152,0.161
2018-11-22,0.161,0.145,0.179
2018-11-23,0.163,0.145,0.177
2018-11-24,0.171,0.177,0.179
2018-11-25,0.169,0.176,0.176
2018-11-26,0.176,0.191,0.155
2018-11-27,0.158,0.189,0.180
2018-11-28,0.162,0.176,0.176
2018-11-29,0.153,0.169,0.158
2018-11-30,0.165,0.183,0.166
2018-12-01,0.166,0.184,0.169
2018-12-02,0.167,0.184,0.172
2018-12-03,0.182,0.187,0.174
2018-12-04,0.185,0.171,0.174
2018-12-05,0.181,0.174,0.168
2018-12-06,0.174,0.179,0.167
2018-12-07,0.166,0.161,0.170
2018-12-08,0.164,0.185,0.166
2018-12-09,0.167,0.170,0.190
2018-12-10,0.104,0.217,0.171
2018-12-11,0.189,0.271,0.175
2018-12-12,0.195,0.205,0.185
2018-12-13,0.204,0.222,0.218
2018-12-14,0.299,0.306,0.178
2018-12-15,0.294,0.444,0.178
2018-12-16,0.302,0.396,0.177
2018-12-17,0.302,0.607,0.474
2018-12-18,0.543,0.831,0.483
2018-12-19,0.540,1.013,0.416
2018-12-20,0.580,0.853,0.598
2018-12-21,0.583,0.942,0.550
2018-12-22,0.467,0.769,0.866
2018-12-23,0.477,0.642,0.477
2018-12-24,0.365,0.687,0.792
2018-12-25,0.436,0.672,0.724
2018-12-26,0.459,0.372,0.759
2018-12-27,0.429,0.304,0.293
2018-12-28,0.520,0.520,0.292
2018-12-29,0.647,0.558,0.520
2018-12-30,0.573,0.582,0.584
2018-12-31,0.596,0.835,0.812
2019-01-01,0.689,0.729,0.558
2019-01-02,0.445,0.920,0.714
2019-01-03,0.416,1.017,0.519
2019-01-04,0.450,0.643,0.943
2019-01-05,0.527,0.521,0.651
2019-01-06,0.461,0.654,0.668
2019-01-07,0.413,0.484,0.849
2019-01-08,0.488,0.626,0.601
2019-01-09,0.480,0.611,0.658
2019-01-10,0.413,0.552,0.556
2019-01-11,0.434,0.605,0.611
2019-01-12,0.415,0.443,0.469
2019-01-13,0.331,0.675,0.710
2019-01-14,0.488,0.918,0.828
2019-01-15,0.585,1.362,0.768
2019-01-16,0.595,1.418,0.721
2019-01-17,0.836,1.368,0.739
2019-01-18,0.797,0.747,0.646
2019-01-19,0.762,0.756,0.681
2019-01-20,0.852,0.786,0.679
2019-01-21,0.833,0.786,0.612
2019-01-22,0.622,0.748,0.687
2019-01-23,0.717,0.844,0.698
2019-01-24,1.013,0.644,0.868
2019-01-25,0.654,0.535,0.482
2019-01-26,1.163,0.578,0.579
2019-01-27,0.499,0.506,0.617
2019-01-28,0.695,0.636,0.912
2019-01-29,0.783,0.604,0.887
2019-01-30,0.809,0.793,1.431
2019-01-31,1.282,1.037,1.252
2019-02-01,0.998,1.121,0.731
2019-02-02,1.040,0.725,0.694
2019-02-03,0.637,0.634,0.629
2019-02-04,0.557,0.630,0.683
2019-02-05,0.582,0.764,0.752
2019-02-06,0.728,0.719,0.519
2019-02-07,0.786,0.816,0.965
2019-02-08,0.629,0.667,0.937
2019-02-09,0.664,0.617,0.555
2019-02-10,0.624,0.719,0.787
2019-02-11,0.579,0.774,0.488
2019-02-12,0.550,0.789,0.505
2019-02-13,0.995,0.697,0.920
2019-02-14,0.912,0.964,0.992
2019-02-15,0.909,1.079,0.571
2019-02-16,0.728,1.027,0.539
2019-02-17,0.466,1.817,0.737
2019-02-18,0.630,1.479,0.967
2019-02-19,0.893,1.081,0.402
2019-02-20,0.638,8.343,0.360
2019-02-21,0.768,0.923,0.319
2019-02-22,0.664,1.027,0.426
2019-02-23,0.880,1.149,0.330
2019-02-24,1.215,0.788,0.360
2019-02-25,1.129,0.787,0.750
2019-02-26,0.841,0.895,0.379
2019-02-27,0.894,0.999,0.374
2019-02-28,0.716,0.751,0.469
2019-03-01,0.828,0.392,0.647
2019-03-02,0.652,0.387,0.442
2019-03-03,0.727,0.816,0.443
2019-03-04,0.726,0.816,0.442
2019-03-05,0.229,1.007,0.445
2019-03-06,0.225,0.991,0.455
2019-03-07,0.297,1.610,0.449
2019-03-08,0.331,1.263,0.910
2019-03-09,0.551,0.980,0.646
2019-03-10,0.519,0.446,0.615
2019-03-11,0.560,0.446,0.615
2019-03-12,0.269,0.387,0.471
2019-03-13,0.207,0.269,0.474
2019-03-14,0.240,0.290,0.468
2019-03-15,0.238,0.373,0.452
2019-03-16,0.308,0.469,0.411
2019-03-17,0.271,0.663,0.506
2019-03-18,0.277,0.388,0.402
2019-03-19,0.795,0.693,0.419
2019-03-20,0.886,0.448,0.412
2019-03-21,0.840,0.306,0.335
2019-03-22,1.374,0.363,0.317
2019-03-23,0.697,0.287,0.273
2019-03-24,0.678,0.297,0.252
2019-03-25,0.699,0.317,0.270
2019-03-26,0.497,0.373,0.401
2019-03-27,0.398,0.315,0.250
2019-03-28,0.275,0.219,0.287
2019-03-29,0.227,0.216,0.271
2019-03-30,0.238,0.212,0.261
2019-03-31,0.268,0.679,0.257
2019-04-01,0.246,1.638,0.294
2019-04-02,0.177,0.361,0.441
2019-04-03,0.173,0.302,0.379
2019-04-04,0.166,0.214,0.208
2019-04-05,0.171,0.202,0.191
2019-04-06,0.111,0.151,0.156
2019-04-07,0.143,0.200,0.269
2019-04-08,0.136,0.210,0.212
2019-04-09,0.161,0.234,0.249
2019-04-10,0.169,0.202,0.205
2019-04-11,0.185,0.197,0.367
2019-04-12,0.191,0.211,0.600
2019-04-13,0.174,0.158,0.221
2019-04-14,0.167,0.171,0.181
2019-04-15,0.167,0.171,0.181
2019-04-16,0.162,0.164,0.159
2019-04-17,0.145,0.146,0.209
2019-04-18,0.123,0.157,0.130
2019-04-19,0.122,0.159,0.235
2019-04-20,0.116,0.179,0.192
2019-04-21,0.117,0.154,0.251
2019-04-22,0.120,0.156,0.173
2019-04-23,0.108,0.130,0.148
2019-04-24,0.109,0.121,0.154
2019-04-25,0.120,0.135,0.233
2019-04-26,0.121,0.133,0.230
2019-04-27,0.117,0.150,0.165
2019-04-28,0.117,0.150,0.167
2019-04-29,0.125,0.150,0.168
2019-04-30,0.164,0.175,0.163
2019-05-01,0.164,0.175,0.163
2019-05-02,0.166,0.173,0.176
2019-05-03,0.179,0.187,0.159
2019-05-04,0.147,0.137,0.123
2019-05-05,0.136,0.136,0.121
2019-05-06,0.143,0.144,0.143
2019-05-07,0.141,0.138,0.150
2019-05-08,0.144,0.125,0.153
2019-05-09,0.102,0.117,0.147
2019-05-10,0.118,0.132,0.152
2019-05-11,0.117,0.108,0.148
2019-05-12,0.116,0.122,0.143
2019-05-13,0.136,0.131,0.143
2019-05-14,0.134,0.141,0.141
2019-05-15,0.134,0.139,0.141
2019-05-16,0.137,0.129,0.141
2019-05-17,0.136,0.127,0.148
2019-05-18,0.128,0.131,0.156
2019-05-19,0.131,0.109,0.123
2019-05-20,0.131,0.114,0.114
2019-05-21,0.131,0.111,0.105
2019-05-22,0.131,0.112,0.118
2019-05-23,0.133,0.117,0.130
2019-05-24,0.132,0.107,0.129
2019-05-25,0.134,0.118,0.134
2019-05-26,0.143,0.114,0.126
2019-05-27,0.143,0.114,0.120
2019-05-28,0.133,0.109,0.118
2019-05-29,0.124,0.110,0.118
2019-05-30,0.120,0.107,0.130
2019-05-31,0.119,0.107,0.130
2019-06-01,0.119,0.116,0.130
2019-06-02,0.123,0.117,0.134
2019-06-03,0.128,0.116,0.128
2019-06-04,0.119,0.116,0.120
2019-06-05,0.126,0.116,0.120
2019-06-06,0.126,0.117,0.122
2019-06-07,0.125,0.117,0.122
2019-06-08,0.126,0.117,0.121
2019-06-09,0.126,0.117,0.130
2019-06-10,0.126,0.116,0.130
2019-06-11,0.126,0.116,0.113
2019-06-12,0.126,0.116,0.122
2019-06-13,0.135,0.109,0.132
2019-06-14,0.125,0.116,0.134
2019-06-15,0.124,0.116,0.134
2019-06-16,0.122,0.107,0.137
2019-06-17,0.148,0.099,0.138
2019-06-18,0.147,0.112,0.211
2019-06-19,0.147,0.111,0.206
2019-06-20,0.155,0.114,0.212
2019-06-21,0.156,0.096,0.209
2019-06-22,0.156,0.100,0.296
2019-06-23,0.156,0.100,0.296
2019-06-24,0.156,0.093,0.296
2019-06-25,0.155,0.100,0.317
2019-06-26,0.155,0.093,0.317
2019-06-27,0.155,0.100,0.338
2019-06-28,,0.094,0.319
2019-06-29,0.162,,
2019-06-30,0.151,,
2019-07-01,0.162,,
2019-07-02,0.173,,
2019-07-03,0.151,,
2019-07-04,0.162,,
2019-07-05,0.151,,
2019-07-06,0.174,,
2019-07-07,0.161,,
2019-07-08,0.195,,
2019-07-09,0.224,,
2019-07-10,,,
2019-07-11,0.225,,
2019-07-12,0.211,,
2019-07-13,0.211,,
2019-07-14,0.210,,
2019-07-15,0.217,,
2019-07-16,0.228,,
2019-07-17,0.227,,
2019-07-18,0.213,,
2019-07-19,0.228,,
2019-07-20,0.213,,
2019-07-21,0.228,,
2019-07-22,0.228,,
2019-07-23,0.255,,
2019-07-24,0.219,,
2019-07-25,0.235,,
2019-07-26,0.234,,
2019-07-27,0.234,,
2019-07-28,0.234,,
2019-07-29,0.240,,
2019-07-30,0.238,,
2019-07-31,0.249,,
2019-08-01,0.243,,
2019-08-02,0.274,,
2019-08-03,0.275,,
2019-08-04,0.275,,
2019-08-05,0.294,,
2019-08-06,0.336,,
2019-08-07,,,
2019-08-08,,,
2019-08-09,,,0.454
2019-08-10,0.400,,0.403
2019-08-11,0.415,,0.431
2019-08-12,0.457,,0.430
2019-08-13,0.427,,0.430
2019-08-14,0.438,0.569,0.430
2019-08-15,0.414,0.535,0.430
2019-08-16,0.441,0.535,0.430
2019-08-17,0.461,0.503,0.430
2019-08-18,0.430,0.529,0.404
2019-08-19,0.428,0.550,0.430
2019-08-20,0.455,0.515,0.403
2019-08-21,0.428,0.473,0.461
2019-08-22,0.434,0.468,0.445
2019-08-23,0.436,0.477,0.496
2019-08-24,0.439,0.477,0.494
2019-08-25,0.451,0.475,0.466
2019-08-26,0.427,0.369,0.370
2019-08-27,0.399,0.355,0.387
2019-08-28,0.427,0.377,0.375
2019-08-29,0.409,0.360,0.373
2019-08-30,0.438,0.384,0.373
2019-08-31,0.540,0.335,0.350
2019-09-01,0.494,0.345,0.349
2019-09-02,0.514,0.386,0.349
2019-09-03,0.546,0.412,0.348
2019-09-04,0.552,0.414,0.324
2019-09-05,0.550,0.434,0.332
2019-09-06,0.563,0.409,0.353
2019-09-07,0.575,0.472,0.342
2019-09-08,0.541,0.474,0.351
2019-09-09,0.576,0.502,0.350
2019-09-10,0.614,0.542,0.360
2019-09-11,0.617,0.599,0.360
2019-09-12,0.617,0.563,0.384
2019-09-13,0.625,0.564,0.367
2019-09-14,0.625,0.566,0.366
2019-09-15,0.614,0.564,0.366
2019-09-16,0.640,0.536,0.365
2019-09-17,0.603,0.511,0.342
2019-09-18,0.590,0.424,0.318
2019-09-19,0.502,0.399,0.288
2019-09-20,0.484,0.388,0.288
2019-09-21,0.388,0.383,0.319
2019-09-22,0.476,0.409,0.387
2019-09-23,0.529,0.556,0.389
2019-09-24,0.426,0.386,0.349
2019-09-25,0.374,0.342,0.380
2019-09-26,0.315,0.343,0.378
2019-09-27,0.297,0.337,0.253
2019-09-28,0.294,0.320,0.255
2019-09-29,0.328,0.284,0.248
2019-09-30,0.256,0.297,0.270
2019-10-01,0.271,0.229,0.229
2019-10-02,0.349,0.334,0.290
2019-10-03,0.358,0.303,0.236
2019-10-04,0.282,0.243,0.253
2019-10-05,0.193,0.219,0.224
2019-10-06,0.225,0.206,0.207
2019-10-07,0.231,0.228,0.203
2019-10-08,0.212,0.234,0.196
2019-10-09,0.210,0.233,0.195
2019-10-10,0.171,0.230,0.183
2019-10-11,0.199,0.246,0.160
2019-10-12,0.198,0.256,0.174
2019-10-13,0.201,0.229,0.230
2019-10-14,0.172,0.192,0.212
2019-10-15,0.153,0.192,0.222
2019-10-16,0.151,0.193,0.224
2019-10-17,0.157,0.184,0.232
2019-10-18,0.156,0.158,0.180
2019-10-19,0.154,0.158,0.179
2019-10-20,0.165,0.157,0.211
2019-10-21,0.161,0.157,0.209
2019-10-22,0.279,0.183,0.176
2019-10-23,0.295,0.221,0.309
2019-10-24,0.317,0.221,0.304
2019-10-25,0.321,0.279,0.439
2019-10-26,0.321,0.262,0.378
2019-10-27,0.321,0.279,0.427
2019-10-28,0.320,0.281,0.445
2019-10-29,0.360,0.286,0.444
2019-10-30,0.325,0.335,0.560
2019-10-31,0.319,0.424,0.845
2019-11-01,0.319,0.430,0.878
2019-11-02,0.299,0.505,0.862
2019-11-03,0.425,0.964,0.527
2019-11-04,0.423,0.957,0.548
2019-11-05,0.398,2.256,1.146
2019-11-06,0.332,3.791,1.382
2019-11-07,0.606,5.524,1.571
2019-11-08,0.839,4.578,3.982
2019-11-09,0.466,1.468,3.290
2019-11-10,1.264,0.549,0.739
2019-11-11,1.611,0.692,0.369
2019-11-12,0.927,0.576,0.311
2019-11-13,0.544,0.518,0.306
2019-11-14,0.462,0.602,0.623
2019-11-15,0.428,0.629,0.627
2019-11-16,0.363,0.690,0.568
2019-11-17,0.408,0.399,0.726
2019-11-18,0.641,0.704,0.555
2019-11-19,0.653,0.778,0.599
2019-11-20,0.623,0.652,0.819
2019-11-21,0.746,0.676,0.677
2019-11-22,0.723,0.652,0.781
2019-11-23,0.713,0.622,0.634
2019-11-24,0.662,0.635,0.652
2019-11-25,0.625,0.227,0.631
2019-11-26,0.290,0.251,0.533
2019-11-27,0.265,0.618,0.604
2019-11-28,0.265,0.618,0.603
2019-11-29,0.263,0.576,0.593
2019-11-30,0.270,0.551,0.458
2019-12-01,0.382,0.565,0.404
2019-12-02,0.400,0.477,0.371
2019-12-03,0.357,0.407,0.351
2019-12-04,0.318,0.408,0.269
2019-12-05,0.246,0.336,0.236
2019-12-06,0.251,0.392,0.249
2019-12-07,0.333,0.470,0.271
2019-12-08,0.270,0.419,0.287
2019-12-09,0.247,0.321,0.329
2019-12-10,0.340,0.363,0.263
2019-12-11,0.340,0.337,0.280
2019-12-12,0.313,0.317,0.328
2019-12-13,0.326,0.338,0.287
2019-12-14,0.362,0.409,0.309
2019-12-15,0.374,0.404,0.270
2019-12-16,0.418,0.368,0.370
2019-12-17,0.348,0.377,0.425
2019-12-18,0.349,0.402,0.385
2019-12-19,0.355,0.402,0.383
2019-12-20,0.377,0.409,0.527
2019-12-21,0.363,0.412,0.447
2019-12-22,0.391,0.503,0.339
2019-12-23,0.385,0.520,0.349
2019-12-24,0.398,0.516,0.349
2019-12-25,0.438,0.493,0.422
2019-12-26,0.441,0.451,0.394
2019-12-27,0.441,0.451,0.392
2019-12-28,0.392,0.652,0.476
2019-12-29,0.474,0.636,0.466
2019-12-30,0.556,0.662,0.481
2019-12-31,0.568,0.609,0.421
2020-01-01,0.419,0.474,0.442
2020-01-02,0.516,0.347,0.423
2020-01-03,0.470,0.347,0.423
2020-01-04,0.496,0.366,0.460
2020-01-05,0.496,0.395,0.733
2020-01-06,0.762,0.652,0.858
2020-01-07,0.648,0.528,0.688
2020-01-08,0.680,0.691,0.769
2020-01-09,0.587,0.493,0.811
2020-01-10,0.566,0.388,1.005
2020-01-11,0.510,0.539,0.748
2020-01-12,0.512,0.677,0.814
2020-01-13,0.415,0.511,0.753
2020-01-14,0.377,0.935,0.487
2020-01-15,0.298,0.728,0.779
2020-01-16,0.351,0.774,0.834
2020-01-17,0.278,0.280,0.958
2020-01-18,0.314,0.408,0.613
2020-01-19,0.331,0.459,0.738
2020-01-20,0.444,0.650,0.840
2020-01-21,0.634,0.624,0.865
2020-01-22,0.482,0.888,0.837
2020-01-23,0.566,0.721,0.758
2020-01-24,0.780,0.872,1.335
2020-01-25,0.601,1.678,1.300
2020-01-26,0.481,0.862,0.915
2020-01-27,0.298,0.874,0.685
2020-01-28,0.360,0.728,1.077
2020-01-29,0.573,1.161,2.154
2020-01-30,0.618,0.648,0.673
2020-01-31,0.529,0.545,0.285
2020-02-01,0.350,0.499,0.325
2020-02-02,0.355,0.453,1.743
2020-02-03,0.278,0.525,0.537
2020-02-04,0.326,0.503,0.908
2020-02-05,0.312,0.399,0.580
2020-02-06,0.460,0.343,0.446
2020-02-07,0.351,0.311,0.639
2020-02-08,0.397,0.402,0.451
2020-02-09,0.460,0.481,0.619
2020-02-10,0.471,0.658,0.739
2020-02-11,0.395,0.466,0.739
2020-02-12,0.973,0.516,0.581
2020-02-13,0.850,0.902,0.531
2020-02-14,0.626,0.662,0.414
2020-02-15,0.300,0.487,0.451
2020-02-16,0.384,0.639,0.673
2020-02-17,0.254,0.475,0.531
2020-02-18,0.240,0.477,0.466
2020-02-19,0.174,0.511,0.761
2020-02-20,0.173,0.301,1.228
2020-02-21,0.173,0.321,1.582
2020-02-22,0.176,0.334,1.569
2020-02-23,0.141,0.299,1.102
2020-02-24,0.172,0.316,1.255
2020-02-25,0.220,0.318,0.853
2020-02-26,0.223,0.292,0.719
2020-02-27,0.283,0.347,0.390
2020-02-28,0.144,0.337,0.347
2020-02-29,0.175,0.298,0.345
2020-03-01,0.177,0.324,0.289
2020-03-02,0.155,0.336,0.341
2020-03-03,0.165,0.253,0.170
2020-03-04,0.166,0.238,0.209
2020-03-05,0.160,0.230,0.181
2020-03-06,0.160,0.235,0.178
2020-03-07,0.128,0.211,0.203
2020-03-08,0.153,0.269,0.226
2020-03-09,0.128,0.273,0.237
2020-03-10,0.108,0.250,0.189
2020-03-11,0.140,0.346,0.154
2020-03-12,0.138,0.289,0.203
2020-03-13,0.158,0.299,0.188
2020-03-14,0.147,0.269,0.227
2020-03-15,0.168,0.414,0.272
2020-03-16,0.165,0.280,0.203
2020-03-17,0.179,0.187,0.303
2020-03-18,0.173,0.194,0.221
2020-03-19,0.205,0.199,0.183
2020-03-20,0.169,0.208,0.202
2020-03-21,0.181,0.203,0.221
2020-03-22,0.122,0.196,0.227
2020-03-23,0.158,0.174,0.638
2020-03-24,0.146,0.178,0.221
2020-03-25,0.145,0.154,0.210
2020-03-26,0.156,0.170,0.200
2020-03-27,0.158,0.174,0.203
2020-03-28,0.149,0.259,0.312
2020-03-29,0.157,0.260,0.307
2020-03-30,0.151,0.282,0.297
2020-03-31,0.167,0.465,0.230
2020-04-01,0.143,0.263,0.174
2020-04-02,0.149,0.360,0.193
2020-04-03,0.180,0.260,0.261
2020-04-04,0.232,0.266,0.251
2020-04-05,0.141,0.210,0.288
2020-04-06,0.168,0.220,0.303
2020-04-07,0.176,0.238,0.277
2020-04-08,0.141,0.242,0.254
2020-04-09,0.163,0.331,0.365
2020-04-10,0.160,0.364,0.231
2020-04-11,0.162,0.261,0.311
2020-04-12,0.163,0.256,0.283
2020-04-13,0.182,0.266,0.287
2020-04-14,0.182,0.266,0.287
2020-04-15,0.169,0.295,0.230
2020-04-16,0.171,0.337,0.230
2020-04-17,0.161,0.321,0.217
2020-04-18,0.117,0.350,0.215
2020-04-19,0.117,0.350,0.212
2020-04-20,0.173,0.337,0.238
2020-04-21,0.180,0.325,0.233
2020-04-22,0.254,0.250,0.241
2020-04-23,0.147,0.267,0.248
2020-04-24,0.159,0.348,0.244
2020-04-25,0.169,0.287,0.201
2020-04-26,0.177,0.362,0.216
2020-04-27,0.143,0.243,0.250
2020-04-28,0.148,0.279,0.224
2020-04-29,0.126,0.247,0.214
2020-04-30,0.135,0.213,0.228
2020-05-01,0.143,0.179,0.187
2020-05-02,0.134,0.135,0.156
2020-05-03,0.137,0.152,0.131
2020-05-04,0.147,0.147,0.174
2020-05-05,0.152,0.147,0.170
2020-05-06,0.134,0.141,0.147
2020-05-07,0.120,0.144,0.143
2020-05-08,0.123,0.144,0.139
2020-05-09,0.104,0.136,0.135
2020-05-10,0.105,0.118,0.140
2020-05-11,0.092,0.140,0.141
2020-05-12,0.091,0.122,0.142
2020-05-13,0.110,0.133,0.120
2020-05-14,0.112,0.124,0.117
2020-05-15,0.094,0.129,0.127
2020-05-16,0.094,0.129,0.127
2020-05-17,0.114,0.140,0.142
2020-05-18,0.113,0.124,0.135
2020-05-19,0.096,0.140,0.146
2020-05-20,0.088,0.136,0.138
2020-05-21,0.110,0.151,0.142
2020-05-22,0.106,0.146,0.137
2020-05-23,0.108,0.155,0.168
2020-05-24,0.108,0.155,0.168
2020-05-25,0.120,0.144,0.146
2020-05-26,0.100,0.141,0.137
2020-05-27,0.126,0.112,0.117
2020-05-28,0.105,0.130,0.125
2020-05-29,0.102,0.123,0.119
2020-05-30,0.101,0.125,0.134
2020-05-31,0.098,0.125,0.134
2020-06-01,0.098,0.118,0.118
2020-06-02,0.105,0.118,0.109
2020-06-03,0.094,0.115,0.125
2020-06-04,0.096,0.104,0.116
2020-06-05,0.107,0.091,0.112
2020-06-06,0.109,0.098,0.123
2020-06-07,0.110,0.097,0.122
2020-06-08,0.111,0.093,0.114
2020-06-09,0.115,0.100,0.123
2020-06-10,0.117,0.101,0.123
2020-06-11,0.117,0.096,0.119
2020-06-12,0.117,0.096,0.110
2020-06-13,0.115,0.096,0.110
2020-06-14,0.107,0.090,0.110
2020-06-15,0.113,0.096,0.109
2020-06-16,0.126,0.097,0.123
2020-06-17,0.119,0.115,0.117
2020-06-18,0.128,0.100,0.123
2020-06-19,0.139,0.108,0.123
2020-06-20,0.139,0.107,0.159
2020-06-21,0.139,0.106,0.185
2020-06-22,0.130,0.114,0.182
2020-06-23,0.149,0.115,0.186
2020-06-24,0.139,0.115,0.176
2020-06-25,0.138,0.109,0.131
2020-06-26,0.135,0.105,0.134
2020-06-27,0.188,0.179,0.127
2020-06-28,,0.179,0.135
2020-06-29,0.189,,
2020-06-30,0.203,,